pixel_id,vendor,snippet,created_at
PX0000,Snap,47014212-14e5-4490-a33f-a225ce2622a3,2026-05-25
PX0001,TikTok,9743fafe-2470-4c21-9b00-36964941831c,2026-02-10
PX0002,Google,ee6e8127-61c7-4e0d-98f5-ea19de0511ea,2025-01-31
PX0003,TikTok,4fd7ecd2-761b-4e02-b534-2b645a3f3952,2025-01-04
PX0004,Snap,11b25788-36aa-427d-b469-f389ee7b9958,2025-09-13
PX0005,TikTok,7a9444d1-d9a6-4581-9cc1-ad6ccbb2c634,2024-08-22
PX0006,FB,d9ee5b69-aefb-4106-9f5a-f8fbcf8ee3cd,2025-03-16
PX0007,Google,3e37cc97-d195-4680-ba22-052f3a0e5cb8,2026-04-28
PX0008,Snap,eece65eb-94a4-4039-8915-f03146d10e56,2025-05-24
PX0009,FB,d78d54c1-6ea0-47a7-9f49-e4572a2509c0,2025-09-28
PX0010,Snap,0670443c-179c-44b9-874b-25ed77a7bc18,2026-01-11
PX0011,TikTok,cab4f0e6-34bd-48b7-bf0e-489d0bb386db,2025-10-12
PX0012,Snap,4d30ef2c-4b63-419a-b9ed-eb7a4d738fb7,2025-09-16
PX0013,Google,bd281667-5d42-4a45-bf0f-c5c19982af3b,2025-12-12
PX0014,Snap,d0502584-5b1f-4387-b375-c7a28af0dd8d,2025-08-10
PX0015,TikTok,119e23e6-a07c-4239-a9d1-ae79b78974bb,2025-12-29
PX0016,Google,17a24d77-81af-45fe-8603-a1f787dad815,2026-03-20
PX0017,FB,6749de8d-8301-46f6-b9e5-cb20eebe508e,2024-07-19
PX0018,FB,ee2dc2a1-fef8-4c0d-b5e6-e989f2b219fc,2026-02-26
PX0019,Google,5dc98246-1d98-42e1-a17e-52e6e1f56571,2025-08-26
PX0020,FB,9b64a4b5-7fc7-4581-a748-433e973c45bb,2024-12-23
PX0021,Snap,fa460054-6fe6-4bfa-b4d2-feb637a44651,2026-05-22
PX0022,FB,7db512b3-20a8-41b8-83d5-0363383715bf,2026-05-10
PX0023,FB,0b877e53-de13-46dd-9557-d59149d8e8e0,2026-05-23
PX0024,Google,29016ef3-1e16-4cb2-b6e2-057635ed8ef2,2024-10-16
PX0025,FB,9a220af4-def6-4ab7-baa7-11b52fabe638,2025-02-12
PX0026,FB,edebc757-0a7c-4c59-8e87-0678439809a1,2026-04-22
PX0027,FB,7351eee7-4a32-4e25-8387-174370607689,2024-11-15
PX0028,FB,4fec20b0-fb06-4272-9e1e-ece0af8e1eb7,2025-12-28
PX0029,Snap,e0bd6240-bce0-4907-a0dd-6aeef119dcd9,2026-05-10
PX0030,FB,6576b940-cc2c-4e08-b7e5-58a0867e053b,2025-08-13
PX0031,TikTok,78bab052-75b7-47a4-8f45-7b51769c617f,2025-12-21
PX0032,FB,01a1f7da-417e-4ecb-bf12-12f2dbc6d4a9,2025-05-30
PX0033,TikTok,628f17ea-6716-45cf-b89f-41c4049b91b0,2025-04-23
PX0034,Snap,c3276a76-fb65-458f-bf7e-0cbedc1099a1,2025-03-09
PX0035,Snap,ac15f7e3-00f4-41a5-8334-9f8166f7ac98,2025-05-22
PX0036,Google,23a5dff7-b790-4fb4-b65c-e64360ac0afb,2024-10-11
PX0037,Snap,da3d6f2a-8cb4-4d42-be12-85e9dad4a6f3,2024-10-06
PX0038,TikTok,2e550f0d-f790-45c2-9d8e-877b1ec1e6f0,2026-02-09
PX0039,FB,2086f1d3-89ec-42dc-a51f-f440affc140c,2024-09-09
PX0040,TikTok,3668257d-ed8c-47b7-9438-ebbe94be482c,2026-04-05
PX0041,Google,dd7e8333-6a53-490d-80e1-caa2db3ceb9f,2025-07-30
PX0042,FB,ca465dac-8e3b-4ad7-bb13-2d392a3f9aff,2024-12-28
PX0043,Snap,6d39b326-2237-4214-b0bb-b114c336f8f3,2024-12-28
PX0044,FB,994430b6-372a-48c2-8a5a-8ae8b5542048,2024-11-14
PX0045,Google,e803f44a-02d7-449d-99b9-8cfa329361a6,2025-01-26
PX0046,FB,a4d327c3-5c32-4fcc-877c-c5e9b8cfea4e,2025-09-06
PX0047,Snap,91e64a90-6e4e-484f-96a9-b899ff9096f4,2024-10-15
PX0048,Google,e66f2dbc-0964-4f53-82af-7baba989b468,2025-04-16
PX0049,Snap,65a7dc37-f774-4fd7-a8fe-781266a0826e,2024-07-03
PX0050,FB,5a314851-8b07-4443-85ee-15b3e32f8cf9,2024-12-04
PX0051,FB,409b9de5-33cf-49ba-ae84-238318313337,2025-10-28
PX0052,Snap,ff9c7805-34a1-46a6-83be-644fea057652,2025-02-27
PX0053,Google,46f12859-ba1c-42b3-8fb6-1b2a85639b3f,2025-08-31
PX0054,FB,1771490a-8ffa-4d2b-bfea-1eeae0d70d92,2024-09-03
PX0055,Snap,4f2d6d1e-a867-4480-8556-bc95f772396b,2026-04-07
PX0056,Google,191ba3ae-59fa-4dad-aed8-e449cc5fd8d7,2024-10-05
PX0057,TikTok,1e4c4c48-2e6a-42fd-82ea-57a8f784e47a,2024-06-30
PX0058,FB,3c2b836c-bfd6-477e-a388-4e94df7790c3,2025-06-06
PX0059,FB,794d8f22-169d-4d86-aea5-457d8ead3242,2026-01-17
PX0060,Snap,8f21e8ec-4e92-4237-84db-ae9fb5201288,2025-12-11
PX0061,Snap,ca0e8e22-39bb-4d70-b01e-9c07b9d0832f,2025-03-27
PX0062,FB,876e53a8-f31e-4ab9-a03c-3b65409e9d63,2024-08-20
PX0063,Snap,ba033475-6928-4439-b075-cbde154a3322,2025-02-25
PX0064,Snap,5c86a717-ecfb-4ed9-9980-395c945285ec,2026-01-02
PX0065,Snap,ce7628f9-8d6f-45e1-91fd-1139fc204440,2025-10-06
PX0066,Snap,ee9ae203-929d-467a-9f4d-3e34b5b22f45,2024-12-25
PX0067,TikTok,3f2a9c49-9f66-46b7-92c0-9c2f2abb4375,2025-07-01
PX0068,FB,ebe09d13-3284-43c2-8134-618f92e51992,2024-08-28
PX0069,Snap,68fd2d5f-da69-48d4-8358-0e4c35651761,2024-11-05
PX0070,Snap,5621d79f-64d5-4043-b079-1390e8dae31a,2025-08-29
PX0071,FB,6655f4f8-7d26-4119-ad61-4f9c7f1d8e4b,2025-06-01
PX0072,Snap,79eaed2a-7e0c-44e3-8508-e1466d7bc369,2025-06-22
PX0073,TikTok,5c62a247-35a8-43a9-9165-911e5db93433,2026-02-10
PX0074,TikTok,35680809-1268-458f-acd6-53118f1a95c4,2026-03-17
PX0075,TikTok,7c4b7336-16dc-49eb-8f00-4e22c68af5df,2024-12-24
PX0076,TikTok,95b70a31-12ae-4855-987a-3e9aff986fe4,2025-03-03
PX0077,TikTok,fef1c23f-d063-4b37-8641-07653855c64e,2025-08-13
PX0078,Google,a700e225-8c37-4218-b5be-2d0e06033bbc,2025-08-04
PX0079,TikTok,6eaeb002-2ddd-4e33-8c3b-519ecca894f1,2026-02-08
PX0080,TikTok,31262a60-2159-4a73-9adf-01c57dcba8f8,2024-11-10
PX0081,FB,adf8bf95-0353-4dfa-9b5f-e73e9b992612,2026-02-28
PX0082,TikTok,1d6f6d42-67f2-4386-997a-76577d713295,2025-03-17
PX0083,Snap,180ede37-087d-48e1-870e-b935ddaabd69,2024-08-05
PX0084,TikTok,1b3400a6-9c1b-4b3f-b954-620714fdca96,2025-02-22
PX0085,TikTok,000e96ac-f78e-4361-8693-9b964ed5b245,2025-02-02
PX0086,Google,32e5307d-bfd7-4d5f-aef5-2e8548768b92,2025-04-24
PX0087,Snap,9e5459c5-7fd8-4ca0-8049-0600f8c93397,2024-10-07
PX0088,TikTok,fe29a3ae-42f4-47c1-9318-0d78c215821f,2025-09-05
PX0089,TikTok,00a62f7b-1647-4849-8344-a6839a8caa40,2026-04-10
PX0090,FB,64cec4ac-f365-4230-864a-832ab9e32584,2024-08-22
PX0091,Google,c6ff954a-626c-497f-af0b-7e66ccdbbda2,2026-03-06
PX0092,Snap,d3552ef4-4005-49ff-92c4-b760e84d61e9,2025-05-31
PX0093,TikTok,4fd67609-04bf-42a2-9b08-9bb1b43baf97,2026-03-21
PX0094,Google,a89ed739-ccfc-4304-bb13-c4eea0fbb1e1,2025-09-19
PX0095,Snap,57b667f2-16ed-4108-b4aa-1228921887aa,2026-05-12
PX0096,Snap,a956ca17-87c2-42e3-b963-51d07b306b99,2026-05-25
PX0097,Snap,9cf3eab8-7445-4124-a1a4-c34806d9d2cf,2026-06-07
PX0098,Snap,aa9313da-7637-4d64-a182-02ce9281fb0d,2024-12-04
PX0099,Google,fa51a4d5-2e77-420b-b3bc-35a3631947b6,2024-07-06
PX0100,FB,1e407c23-64f7-4013-acf3-1b4d95833542,2024-07-12
PX0101,TikTok,31947591-c2fd-499c-ae64-ca5dcd0bf18d,2025-05-29
PX0102,TikTok,3945c74b-4e38-42d4-aeae-629c2e63670b,2025-11-13
PX0103,Google,824865e6-5d24-4ff6-8ea0-63bb2c67494b,2026-02-18
PX0104,TikTok,70574651-90df-4628-914f-23b4630f6963,2024-10-08
PX0105,TikTok,5cf24a2e-e942-4964-8457-51bce5537c42,2025-10-02
PX0106,FB,aa217581-1a82-4c30-b80e-9430fbf323d8,2026-03-25
PX0107,Snap,5ca641ec-5d31-47dc-a546-5125c0bf7641,2026-05-19
PX0108,Google,320a45e3-9e39-4822-b1a5-7d0bae9921db,2024-10-07
PX0109,Google,778717d3-7d28-41fa-a05e-9d2fc4aa1dff,2024-06-13
PX0110,FB,55ecb00d-ae69-4e2b-9d9a-06fd1e58f6e6,2025-02-02
PX0111,FB,d562ab4a-188b-425b-9e5b-075bad8632d1,2025-06-05
PX0112,Google,a016f69f-34a2-4407-bfc7-79bead099361,2026-02-25
PX0113,Snap,d99cb917-d631-43b3-baeb-99342ed1b373,2025-04-25
PX0114,FB,9613bb63-f766-4361-9131-276b012d9ebf,2025-05-03
PX0115,Snap,822597ce-6803-4617-971f-fabd820abe75,2025-08-10
PX0116,TikTok,a40eced3-de13-4a80-8939-f74ab01796d2,2025-11-23
PX0117,FB,10160de4-c11b-4ce1-ab8b-bd138ce043e7,2024-07-05
PX0118,Snap,57d050cf-8614-4f38-8195-842ced8aad7e,2025-11-13
PX0119,Google,f11770f9-3351-46b1-b96a-98189ade04de,2025-03-04
PX0120,TikTok,f7ddb1c3-fc7e-4140-a0e5-85ab803e8d5f,2025-06-14
PX0121,TikTok,eba17684-d15f-4728-9477-d223dcab893c,2026-03-15
PX0122,TikTok,3668e63f-d44b-443c-8b18-86cf97565db3,2025-12-01
PX0123,Snap,dafb16a7-fe2c-4822-b1cd-da4bea723e7c,2025-04-23
PX0124,Snap,7f05edef-e23a-4145-8583-c51746183169,2024-07-17
PX0125,Snap,267f59bc-3365-4e76-a1f7-3d232b1037f3,2025-06-23
PX0126,FB,a8690c6d-7e27-4a2c-96f3-c4dc6546ea62,2025-05-03
PX0127,FB,dfdf8a67-c3e5-42d0-8d4a-ce29e290b957,2025-03-07
PX0128,TikTok,df335e9a-cef8-4c01-a4ca-0dbb9832fcdc,2026-02-18
PX0129,TikTok,84ab8be3-55b4-4f5e-bc40-056e438adf44,2025-05-19
PX0130,Snap,6290129a-6322-4db2-bdcd-79eea7e3fe20,2025-10-01
PX0131,Google,a20d27e6-9557-41e6-91bb-562242605e08,2024-12-30
PX0132,Snap,140be992-be9c-45a4-b14f-75c4f8f248a1,2025-03-05
PX0133,Google,cf245b69-a0dc-436c-978a-a4e95a846e02,2026-01-02
PX0134,TikTok,717f8b70-da8a-494c-866b-654d3d15c4b2,2026-05-13
PX0135,Google,a5d48c65-51d8-4d0c-9d10-96b340b3ac05,2024-07-06
PX0136,TikTok,40d0e9a7-2134-428b-a376-72abb786d4cd,2024-06-26
PX0137,Google,7153b57a-3dc8-4bf1-9d52-cfd5c64fa55b,2025-06-27
PX0138,Google,016c639b-a5bf-42d8-99bb-67012b6e6210,2025-08-16
PX0139,TikTok,d4ed8b02-ade1-4273-85dc-5be3b997f6ec,2026-01-10
PX0140,Google,509814a6-65fb-4b3e-9c73-c39886332bd3,2026-04-21
PX0141,Snap,423a0c89-9fad-46f5-a445-52523a1c0f77,2025-02-21
PX0142,FB,70e08b47-3cad-407c-86e8-868ce0a5c214,2026-02-23
PX0143,FB,8dd0b121-4797-45e4-9972-1f8dd092e7b5,2026-04-12
PX0144,TikTok,f7c430ca-c5d9-4515-8854-6b42f11d044a,2025-06-17
PX0145,Google,3ac53c2a-5fe5-4f25-81dd-d9108664e5a3,2025-07-26
PX0146,TikTok,889f1e5f-bab9-4583-b2df-6c3137460577,2025-03-23
PX0147,FB,3040cf77-9491-4c65-a725-583decc716cb,2024-10-30
PX0148,Google,3f679b26-1ef1-4ccd-9b6f-01a3b8bbcc54,2025-04-20
PX0149,Snap,f9dc4eae-4d8d-4a8d-a138-ecfd99d05cf0,2026-01-04
