user_id,signup_date,age_bucket,country,segment
U000000,2025-10-02,35-44,NL,power
U000001,2024-05-16,25-34,PE,engaged
U000002,2025-12-10,35-44,IT,casual
U000003,2023-06-19,18-24,PS,dormant
U000004,2024-02-12,18-24,MC,power
U000005,2025-03-26,35-44,LV,power
U000006,2024-08-13,18-24,DE,dormant
U000007,2024-05-08,55+,LU,casual
U000008,2023-11-14,45-54,BW,casual
U000009,2025-01-19,55+,BY,power
U000010,2024-12-17,55+,LY,power
U000011,2026-01-01,55+,IN,engaged
U000012,2023-08-15,18-24,ZA,casual
U000013,2025-05-22,25-34,SO,power
U000014,2023-12-19,18-24,MT,engaged
U000015,2023-10-09,18-24,TG,dormant
U000016,2024-09-06,35-44,YE,dormant
U000017,2026-01-24,35-44,ML,engaged
U000018,2025-11-21,35-44,FI,power
U000019,2026-06-07,25-34,BJ,power
U000020,2023-08-19,18-24,HR,engaged
U000021,2024-05-28,55+,JP,engaged
U000022,2023-10-10,25-34,HT,dormant
U000023,2023-11-12,45-54,MU,power
U000024,2024-08-13,55+,PH,engaged
U000025,2026-02-20,35-44,MM,casual
U000026,2024-02-16,25-34,MN,casual
U000027,2024-12-11,35-44,GE,dormant
U000028,2026-04-15,35-44,IQ,casual
U000029,2026-06-03,25-34,KZ,power
U000030,2026-03-11,25-34,BN,dormant
U000031,2026-01-10,45-54,ZW,dormant
U000032,2024-02-29,25-34,SN,power
U000033,2024-06-23,25-34,DK,engaged
U000034,2025-05-27,55+,MU,power
U000035,2024-08-01,55+,DZ,dormant
U000036,2026-05-13,55+,TH,dormant
U000037,2024-05-15,35-44,LA,engaged
U000038,2024-10-24,25-34,BG,dormant
U000039,2024-05-29,18-24,AU,casual
U000040,2024-10-11,18-24,MZ,engaged
U000041,2024-07-28,25-34,BI,dormant
U000042,2024-05-01,55+,TN,casual
U000043,2024-10-09,45-54,GH,dormant
U000044,2026-03-23,55+,SB,dormant
U000045,2025-02-12,55+,BA,power
U000046,2025-05-21,55+,CV,casual
U000047,2024-07-24,18-24,CU,power
U000048,2024-06-26,35-44,CH,casual
U000049,2025-10-28,35-44,SO,dormant
U000050,2024-07-21,25-34,AE,dormant
U000051,2025-12-03,18-24,NP,power
U000052,2025-12-01,55+,MZ,engaged
U000053,2024-12-22,55+,GN,casual
U000054,2024-01-09,35-44,SE,engaged
U000055,2025-07-14,25-34,BW,power
U000056,2023-08-21,25-34,CG,casual
U000057,2024-02-01,55+,YE,power
U000058,2024-02-12,45-54,KZ,casual
U000059,2025-03-25,18-24,UG,power
U000060,2023-09-15,35-44,MV,engaged
U000061,2025-01-21,18-24,UG,engaged
U000062,2025-06-05,55+,SM,casual
U000063,2024-07-03,18-24,TG,dormant
U000064,2023-06-26,18-24,KZ,engaged
U000065,2023-12-03,25-34,KZ,dormant
U000066,2025-09-20,55+,GB,engaged
U000067,2024-07-27,35-44,BA,dormant
U000068,2024-11-18,25-34,CG,engaged
U000069,2024-09-06,35-44,NZ,dormant
U000070,2024-02-09,35-44,PH,dormant
U000071,2023-06-14,55+,WS,dormant
U000072,2024-07-22,18-24,SC,engaged
U000073,2024-03-12,25-34,SD,casual
U000074,2023-11-21,35-44,YE,casual
U000075,2024-09-14,55+,DZ,engaged
U000076,2025-08-05,55+,UZ,engaged
U000077,2024-04-12,18-24,DE,casual
U000078,2025-01-09,18-24,DK,engaged
U000079,2025-09-23,18-24,SM,casual
U000080,2023-06-09,35-44,US,casual
U000081,2024-10-24,55+,RW,engaged
U000082,2023-07-09,35-44,CG,dormant
U000083,2024-12-23,25-34,KP,engaged
U000084,2024-06-14,55+,BG,dormant
U000085,2024-06-17,25-34,TN,dormant
U000086,2023-10-09,45-54,BS,engaged
U000087,2025-07-02,18-24,BJ,casual
U000088,2025-09-13,45-54,CN,power
U000089,2023-12-25,45-54,KM,dormant
U000090,2025-06-16,45-54,SY,casual
U000091,2024-02-20,18-24,IN,casual
U000092,2025-09-05,45-54,UZ,power
U000093,2025-03-27,18-24,GH,engaged
U000094,2025-09-23,25-34,TW,engaged
U000095,2026-05-15,55+,FR,dormant
U000096,2024-10-05,25-34,MZ,dormant
U000097,2026-04-17,25-34,CF,power
U000098,2025-01-09,45-54,OM,engaged
U000099,2025-08-21,18-24,PG,dormant
U000100,2023-12-13,55+,HU,casual
U000101,2024-05-23,18-24,BI,casual
U000102,2024-11-15,18-24,AO,engaged
U000103,2025-12-08,25-34,TG,dormant
U000104,2024-05-31,45-54,TZ,dormant
U000105,2024-05-16,25-34,AF,dormant
U000106,2023-09-27,18-24,KN,engaged
U000107,2026-02-13,45-54,BH,casual
U000108,2024-05-29,45-54,BJ,power
U000109,2023-07-27,45-54,LS,power
U000110,2023-09-27,45-54,SG,dormant
U000111,2024-06-12,25-34,IT,engaged
U000112,2026-04-13,35-44,RU,engaged
U000113,2024-05-06,18-24,SR,casual
U000114,2023-12-31,35-44,RS,casual
U000115,2025-11-12,18-24,TR,dormant
U000116,2025-06-12,55+,HN,engaged
U000117,2025-06-12,18-24,NE,casual
U000118,2024-03-30,25-34,BY,casual
U000119,2023-11-06,55+,KM,casual
U000120,2025-04-08,25-34,MH,dormant
U000121,2025-03-28,18-24,NG,engaged
U000122,2025-06-03,55+,ZA,casual
U000123,2023-09-01,55+,GQ,casual
U000124,2026-03-20,45-54,KH,power
U000125,2023-11-08,35-44,BH,engaged
U000126,2025-02-23,35-44,ZA,engaged
U000127,2024-11-17,35-44,CD,dormant
U000128,2024-06-29,25-34,FI,power
U000129,2024-03-30,45-54,SO,power
U000130,2025-05-05,18-24,CU,casual
U000131,2025-03-25,45-54,EG,casual
U000132,2024-08-14,18-24,PL,engaged
U000133,2024-07-01,55+,BO,power
U000134,2025-04-27,25-34,SY,power
U000135,2023-11-08,18-24,BE,engaged
U000136,2026-03-18,35-44,SR,power
U000137,2023-07-01,25-34,BW,dormant
U000138,2024-06-10,55+,DM,power
U000139,2025-03-01,55+,RU,casual
U000140,2025-06-25,55+,GH,power
U000141,2025-02-20,18-24,BH,engaged
U000142,2024-02-19,35-44,MU,casual
U000143,2023-06-12,18-24,MW,engaged
U000144,2024-07-24,35-44,PH,power
U000145,2024-08-25,55+,NO,engaged
U000146,2026-05-26,35-44,ES,engaged
U000147,2025-10-19,35-44,HR,dormant
U000148,2025-07-04,35-44,DE,casual
U000149,2024-03-29,18-24,KE,dormant
U000150,2024-05-12,35-44,BG,casual
U000151,2025-11-24,18-24,LK,power
U000152,2025-09-28,25-34,BH,power
U000153,2024-10-08,25-34,BG,dormant
U000154,2023-08-25,55+,TV,dormant
U000155,2025-06-18,55+,SC,casual
U000156,2025-09-11,18-24,DJ,casual
U000157,2023-09-05,25-34,SE,casual
U000158,2023-10-11,35-44,ER,engaged
U000159,2023-09-23,45-54,UG,engaged
U000160,2023-09-22,18-24,GQ,power
U000161,2024-06-08,35-44,NA,casual
U000162,2023-12-12,35-44,TN,engaged
U000163,2024-06-25,25-34,TT,casual
U000164,2025-12-18,35-44,BB,dormant
U000165,2026-01-26,55+,BR,engaged
U000166,2025-03-21,25-34,KM,engaged
U000167,2025-12-01,25-34,TM,dormant
U000168,2025-08-29,18-24,KW,engaged
U000169,2024-07-18,35-44,GA,dormant
U000170,2026-04-14,25-34,VC,power
U000171,2024-10-09,25-34,GY,casual
U000172,2024-07-25,45-54,MY,casual
U000173,2023-12-29,45-54,SV,engaged
U000174,2026-03-07,25-34,KG,dormant
U000175,2025-05-19,35-44,KW,power
U000176,2023-09-29,25-34,AG,engaged
U000177,2025-05-20,18-24,VU,engaged
U000178,2025-10-30,45-54,BZ,power
U000179,2023-09-30,35-44,SO,casual
U000180,2024-05-05,35-44,SD,power
U000181,2024-07-24,55+,CO,dormant
U000182,2024-12-02,55+,BJ,power
U000183,2024-06-22,18-24,MN,casual
U000184,2024-08-24,35-44,DJ,engaged
U000185,2025-04-19,55+,ST,power
U000186,2026-06-05,18-24,KI,casual
U000187,2026-01-14,55+,TD,dormant
U000188,2025-09-07,35-44,AG,power
U000189,2026-04-11,45-54,TG,casual
U000190,2024-09-16,45-54,HR,engaged
U000191,2023-11-16,35-44,CR,casual
U000192,2024-07-23,45-54,CI,casual
U000193,2023-11-22,55+,CH,engaged
U000194,2025-10-15,35-44,DE,dormant
U000195,2024-08-05,18-24,JM,power
U000196,2026-01-03,55+,GE,power
U000197,2024-11-22,18-24,GA,power
U000198,2026-05-11,55+,ZW,power
U000199,2024-07-23,45-54,SD,power
U000200,2025-07-06,45-54,ID,power
U000201,2023-08-26,55+,BW,engaged
U000202,2026-02-18,25-34,NO,dormant
U000203,2024-08-11,45-54,BD,engaged
U000204,2023-06-14,55+,LT,power
U000205,2023-12-29,45-54,DZ,casual
U000206,2024-07-19,35-44,DK,power
U000207,2025-04-25,25-34,TG,dormant
U000208,2025-04-03,55+,TJ,power
U000209,2023-06-24,45-54,CG,dormant
U000210,2023-10-03,45-54,FM,engaged
U000211,2024-01-26,55+,ST,dormant
U000212,2023-08-03,25-34,MN,casual
U000213,2025-11-29,35-44,TG,power
U000214,2024-01-25,18-24,NR,engaged
U000215,2023-12-23,35-44,BB,engaged
U000216,2024-09-29,25-34,MM,engaged
U000217,2023-08-09,18-24,MK,casual
U000218,2024-04-30,25-34,KZ,dormant
U000219,2024-06-30,55+,TL,casual
U000220,2023-11-15,45-54,MH,dormant
U000221,2025-10-25,55+,NE,engaged
U000222,2026-01-28,45-54,AE,dormant
U000223,2024-02-04,45-54,GW,engaged
U000224,2024-02-16,25-34,EE,casual
U000225,2025-03-10,18-24,AR,dormant
U000226,2024-03-13,25-34,LK,engaged
U000227,2024-11-06,55+,NG,dormant
U000228,2026-04-14,18-24,LK,engaged
U000229,2024-06-28,18-24,IQ,dormant
U000230,2024-02-11,25-34,ME,dormant
U000231,2023-11-23,55+,MU,power
U000232,2023-08-08,45-54,PW,dormant
U000233,2024-05-19,55+,FR,dormant
U000234,2025-05-24,25-34,MG,dormant
U000235,2024-09-25,45-54,GT,power
U000236,2024-05-20,25-34,AR,power
U000237,2026-03-30,55+,FI,dormant
U000238,2025-02-16,25-34,LS,power
U000239,2024-08-14,45-54,BJ,casual
U000240,2024-08-15,35-44,MG,engaged
U000241,2026-03-01,35-44,SE,power
U000242,2025-02-18,35-44,GD,casual
U000243,2025-09-18,25-34,LS,engaged
U000244,2023-07-21,25-34,CI,dormant
U000245,2024-07-18,25-34,EE,engaged
U000246,2025-11-26,18-24,IN,dormant
U000247,2023-08-07,45-54,CD,power
U000248,2025-12-21,55+,NZ,dormant
U000249,2024-11-27,45-54,ZA,casual
U000250,2024-10-08,25-34,NZ,dormant
U000251,2026-01-05,45-54,SE,casual
U000252,2023-12-05,55+,MV,dormant
U000253,2025-11-20,45-54,ET,casual
U000254,2024-07-08,35-44,BD,power
U000255,2025-04-16,45-54,AD,dormant
U000256,2025-08-24,55+,SO,engaged
U000257,2026-05-10,45-54,WS,engaged
U000258,2026-04-15,35-44,FJ,dormant
U000259,2024-12-25,45-54,NR,casual
U000260,2023-09-25,45-54,TL,power
U000261,2024-11-02,45-54,VU,engaged
U000262,2024-10-08,45-54,HR,engaged
U000263,2023-12-19,55+,WS,casual
U000264,2024-09-17,45-54,SD,casual
U000265,2024-10-01,18-24,TL,dormant
U000266,2025-03-04,25-34,LR,dormant
U000267,2025-02-23,25-34,MC,casual
U000268,2024-09-10,35-44,TG,dormant
U000269,2023-12-23,35-44,FI,engaged
U000270,2025-03-23,45-54,TL,power
U000271,2025-01-17,35-44,GD,dormant
U000272,2024-03-05,35-44,VE,dormant
U000273,2025-11-09,35-44,KI,casual
U000274,2025-02-28,45-54,SY,casual
U000275,2023-06-09,55+,KI,casual
U000276,2024-08-27,35-44,GE,engaged
U000277,2025-04-06,18-24,TT,casual
U000278,2026-01-06,18-24,TD,engaged
U000279,2024-10-21,25-34,PT,casual
U000280,2025-04-25,55+,PA,engaged
U000281,2026-04-23,25-34,GH,engaged
U000282,2025-08-11,45-54,PY,casual
U000283,2024-02-27,55+,KM,engaged
U000284,2023-10-18,45-54,JM,power
U000285,2025-08-17,35-44,HR,engaged
U000286,2026-02-16,55+,VN,casual
U000287,2024-11-10,25-34,BW,power
U000288,2024-06-07,18-24,GQ,casual
U000289,2024-10-03,35-44,GR,dormant
U000290,2024-04-13,45-54,CY,engaged
U000291,2023-07-16,18-24,BD,engaged
U000292,2024-06-23,18-24,PY,power
U000293,2026-01-13,55+,BN,casual
U000294,2025-05-16,55+,NI,casual
U000295,2026-02-11,35-44,TR,dormant
U000296,2024-04-06,35-44,VC,casual
U000297,2026-05-25,55+,MV,power
U000298,2025-07-15,18-24,MZ,dormant
U000299,2024-06-22,45-54,CY,casual
U000300,2026-03-24,45-54,FM,power
U000301,2023-06-17,45-54,GB,engaged
U000302,2023-11-21,45-54,NO,engaged
U000303,2024-05-13,55+,EE,power
U000304,2026-05-25,55+,SI,dormant
U000305,2025-05-30,45-54,BE,dormant
U000306,2025-10-21,55+,HU,power
U000307,2023-12-14,35-44,PH,engaged
U000308,2024-01-02,18-24,PL,power
U000309,2026-04-11,45-54,SM,engaged
U000310,2025-10-24,45-54,UG,dormant
U000311,2024-10-13,35-44,TW,casual
U000312,2025-04-26,45-54,VA,power
U000313,2025-08-01,25-34,NP,dormant
U000314,2025-10-07,25-34,PE,power
U000315,2024-02-11,35-44,CH,power
U000316,2025-06-15,35-44,PG,power
U000317,2024-07-15,55+,GB,casual
U000318,2024-06-27,55+,DZ,engaged
U000319,2024-08-12,18-24,SK,engaged
U000320,2025-06-30,45-54,YE,dormant
U000321,2024-06-14,55+,IS,engaged
U000322,2025-04-22,45-54,BO,dormant
U000323,2024-08-25,45-54,GW,casual
U000324,2024-08-04,18-24,LT,power
U000325,2024-10-17,25-34,SR,dormant
U000326,2023-10-12,25-34,CU,power
U000327,2024-01-29,55+,HT,power
U000328,2025-01-24,45-54,MD,power
U000329,2024-02-01,45-54,MA,power
U000330,2024-05-06,35-44,BI,dormant
U000331,2025-03-14,35-44,NE,power
U000332,2024-11-04,35-44,SR,engaged
U000333,2025-06-01,18-24,NI,engaged
U000334,2023-09-13,35-44,GA,casual
U000335,2025-03-22,55+,MW,engaged
U000336,2025-12-02,25-34,MC,engaged
U000337,2023-07-09,45-54,TR,power
U000338,2025-01-19,55+,QA,power
U000339,2023-06-18,18-24,MH,engaged
U000340,2024-09-14,35-44,GB,engaged
U000341,2025-02-03,35-44,NL,engaged
U000342,2025-09-22,35-44,AE,casual
U000343,2025-10-04,55+,UY,engaged
U000344,2024-05-16,35-44,RU,casual
U000345,2024-05-14,18-24,IR,power
U000346,2025-04-16,25-34,RU,dormant
U000347,2023-07-24,18-24,MW,casual
U000348,2024-11-12,55+,SV,power
U000349,2026-04-29,45-54,NA,dormant
U000350,2024-02-20,45-54,PT,power
U000351,2023-12-24,25-34,VU,casual
U000352,2025-09-15,35-44,AR,dormant
U000353,2025-02-10,18-24,UA,casual
U000354,2025-11-01,45-54,HR,dormant
U000355,2023-07-21,18-24,BS,casual
U000356,2026-03-03,25-34,NP,engaged
U000357,2024-01-05,55+,PL,power
U000358,2024-03-17,18-24,BE,engaged
U000359,2024-07-17,18-24,MU,dormant
U000360,2024-10-29,55+,GH,engaged
U000361,2025-05-15,55+,LR,dormant
U000362,2024-11-14,45-54,PS,dormant
U000363,2025-01-17,35-44,IT,dormant
U000364,2025-03-24,35-44,ID,casual
U000365,2023-10-14,55+,PW,casual
U000366,2023-07-09,25-34,AE,engaged
U000367,2025-09-23,35-44,BF,casual
U000368,2024-12-03,25-34,GR,engaged
U000369,2026-03-14,25-34,BJ,casual
U000370,2026-03-17,25-34,BB,casual
U000371,2023-07-27,45-54,HU,dormant
U000372,2024-04-13,55+,AO,dormant
U000373,2026-01-29,35-44,DE,casual
U000374,2024-06-13,25-34,CN,power
U000375,2025-06-13,35-44,SV,dormant
U000376,2023-12-03,18-24,TM,engaged
U000377,2024-05-12,35-44,PT,engaged
U000378,2026-05-30,45-54,IE,casual
U000379,2025-01-02,55+,DM,engaged
U000380,2026-01-05,25-34,UZ,power
U000381,2023-12-03,25-34,DK,casual
U000382,2024-10-04,18-24,CD,engaged
U000383,2025-11-23,35-44,AR,power
U000384,2024-10-05,45-54,TR,casual
U000385,2026-04-26,45-54,MT,power
U000386,2025-02-14,45-54,VC,power
U000387,2024-04-12,55+,BO,dormant
U000388,2025-12-14,45-54,FM,casual
U000389,2026-02-07,55+,HN,casual
U000390,2023-11-14,45-54,MC,power
U000391,2024-09-19,55+,LA,power
U000392,2025-12-27,18-24,CL,casual
U000393,2025-11-04,25-34,BB,casual
U000394,2024-11-29,35-44,SN,casual
U000395,2025-04-04,25-34,HR,dormant
U000396,2025-01-04,55+,BJ,dormant
U000397,2025-08-02,35-44,KH,engaged
U000398,2024-11-20,55+,AL,dormant
U000399,2025-03-22,45-54,RW,casual
U000400,2023-11-19,45-54,NR,power
U000401,2024-12-22,45-54,ZW,power
U000402,2025-05-23,35-44,KN,casual
U000403,2024-02-01,25-34,NZ,power
U000404,2024-03-08,45-54,ES,dormant
U000405,2025-08-27,35-44,CF,dormant
U000406,2024-08-01,55+,VE,casual
U000407,2025-09-22,45-54,RO,casual
U000408,2025-05-31,35-44,NZ,power
U000409,2025-12-15,35-44,IQ,casual
U000410,2024-10-21,45-54,HN,casual
U000411,2023-10-21,55+,IT,dormant
U000412,2025-05-09,45-54,HN,casual
U000413,2025-05-30,25-34,TN,power
U000414,2026-01-12,55+,SV,dormant
U000415,2025-01-17,45-54,LU,casual
U000416,2023-07-23,25-34,SA,power
U000417,2024-10-25,55+,EG,engaged
U000418,2025-07-05,35-44,GH,dormant
U000419,2024-12-11,45-54,IL,casual
U000420,2024-11-18,18-24,IT,engaged
U000421,2025-12-21,25-34,ME,power
U000422,2024-08-11,55+,TH,casual
U000423,2023-06-24,55+,SI,dormant
U000424,2024-03-31,18-24,BS,engaged
U000425,2024-06-17,18-24,WS,dormant
U000426,2025-03-01,18-24,RW,engaged
U000427,2025-10-18,45-54,PS,power
U000428,2024-06-16,55+,FM,power
U000429,2025-06-17,45-54,KH,dormant
U000430,2025-07-10,45-54,PE,engaged
U000431,2023-07-05,45-54,BW,engaged
U000432,2024-09-08,45-54,GN,engaged
U000433,2025-02-26,55+,MD,engaged
U000434,2024-06-20,18-24,KP,power
U000435,2026-04-05,45-54,TT,power
U000436,2025-01-02,55+,PY,power
U000437,2025-10-15,18-24,SM,power
U000438,2024-11-24,35-44,NO,dormant
U000439,2025-10-10,25-34,LS,dormant
U000440,2024-12-06,55+,ME,dormant
U000441,2025-05-13,35-44,IR,power
U000442,2024-09-27,55+,ID,dormant
U000443,2024-06-01,45-54,CL,power
U000444,2024-04-03,25-34,KW,engaged
U000445,2023-12-11,55+,CH,dormant
U000446,2025-09-18,25-34,FM,dormant
U000447,2024-03-22,18-24,FI,power
U000448,2024-05-10,45-54,SZ,dormant
U000449,2025-06-30,45-54,IS,engaged
U000450,2025-12-10,45-54,PS,casual
U000451,2025-08-31,25-34,UG,power
U000452,2024-08-21,18-24,BZ,dormant
U000453,2024-04-05,18-24,KE,dormant
U000454,2024-05-27,18-24,ML,engaged
U000455,2024-03-13,45-54,KI,engaged
U000456,2023-06-30,18-24,KN,dormant
U000457,2025-09-15,35-44,CN,power
U000458,2024-08-08,55+,BD,dormant
U000459,2023-09-01,18-24,TG,power
U000460,2024-09-04,55+,MC,dormant
U000461,2023-12-22,35-44,DZ,dormant
U000462,2025-07-10,55+,CA,casual
U000463,2023-06-28,55+,TO,casual
U000464,2024-08-23,25-34,PW,power
U000465,2025-06-21,25-34,OM,casual
U000466,2024-11-19,45-54,ER,casual
U000467,2023-08-27,18-24,ID,dormant
U000468,2025-06-20,25-34,CI,power
U000469,2023-09-18,18-24,MZ,casual
U000470,2025-07-11,35-44,BN,casual
U000471,2025-11-21,35-44,ZM,power
U000472,2026-05-10,35-44,BF,dormant
U000473,2024-01-30,25-34,CZ,engaged
U000474,2025-10-30,55+,KI,dormant
U000475,2023-10-19,55+,HU,engaged
U000476,2023-12-10,25-34,TH,engaged
U000477,2025-03-16,18-24,UZ,dormant
U000478,2025-12-21,55+,VN,engaged
U000479,2024-05-24,45-54,SK,engaged
U000480,2025-01-19,25-34,PG,dormant
U000481,2025-04-26,35-44,KG,dormant
U000482,2025-12-09,35-44,NP,casual
U000483,2024-09-25,45-54,TN,power
U000484,2026-01-28,55+,BH,engaged
U000485,2026-01-11,18-24,SZ,dormant
U000486,2023-11-10,35-44,GE,power
U000487,2026-02-04,45-54,GH,power
U000488,2024-07-24,45-54,HR,power
U000489,2023-10-13,25-34,DJ,dormant
U000490,2024-06-15,45-54,EC,casual
U000491,2025-10-13,25-34,BO,dormant
U000492,2024-02-07,55+,AD,power
U000493,2025-03-04,55+,PG,power
U000494,2026-05-14,35-44,UG,casual
U000495,2025-06-07,45-54,JP,power
U000496,2023-07-29,18-24,HT,casual
U000497,2024-08-29,55+,MA,dormant
U000498,2024-08-21,35-44,ME,engaged
U000499,2025-05-14,55+,BN,power
U000500,2026-05-11,25-34,HT,engaged
U000501,2024-07-23,55+,YE,power
U000502,2025-12-11,25-34,HR,casual
U000503,2024-04-11,18-24,NO,power
U000504,2023-12-04,45-54,ST,casual
U000505,2024-05-23,55+,KH,power
U000506,2024-01-26,25-34,IQ,casual
U000507,2024-01-15,35-44,BN,power
U000508,2023-09-09,45-54,DM,engaged
U000509,2024-09-28,25-34,UG,engaged
U000510,2025-11-09,55+,JO,power
U000511,2025-04-21,55+,CM,power
U000512,2025-06-06,25-34,FM,power
U000513,2024-09-23,45-54,ME,power
U000514,2025-02-23,35-44,IR,casual
U000515,2025-07-25,45-54,SR,casual
U000516,2025-07-15,25-34,OM,engaged
U000517,2023-10-11,45-54,US,power
U000518,2023-08-09,18-24,NR,dormant
U000519,2024-10-21,18-24,UY,power
U000520,2024-07-01,55+,AR,casual
U000521,2023-10-28,45-54,GT,power
U000522,2026-04-21,35-44,TR,dormant
U000523,2025-12-07,35-44,AO,casual
U000524,2026-04-18,25-34,IQ,dormant
U000525,2025-11-20,18-24,BB,power
U000526,2024-03-07,55+,PW,engaged
U000527,2025-08-23,18-24,CF,dormant
U000528,2025-04-25,35-44,IT,dormant
U000529,2024-03-16,18-24,TV,engaged
U000530,2025-04-16,18-24,ZW,casual
U000531,2025-07-11,35-44,BW,dormant
U000532,2025-06-08,18-24,MG,casual
U000533,2025-03-04,25-34,LT,engaged
U000534,2024-10-19,45-54,SV,dormant
U000535,2023-11-18,35-44,DK,dormant
U000536,2024-11-02,55+,NG,engaged
U000537,2026-05-21,45-54,SA,casual
U000538,2024-08-29,45-54,HR,dormant
U000539,2025-02-20,35-44,PS,casual
U000540,2025-10-10,35-44,AZ,engaged
U000541,2025-05-15,45-54,BT,dormant
U000542,2024-10-09,25-34,ID,power
U000543,2024-10-23,18-24,CI,power
U000544,2025-02-25,55+,SG,power
U000545,2023-06-10,18-24,KM,dormant
U000546,2025-09-28,35-44,PL,engaged
U000547,2025-03-11,18-24,BF,dormant
U000548,2024-03-26,18-24,SI,engaged
U000549,2024-12-22,55+,VU,casual
U000550,2025-07-22,18-24,YE,power
U000551,2025-04-25,25-34,PS,engaged
U000552,2023-08-28,55+,GA,engaged
U000553,2024-07-27,18-24,SY,engaged
U000554,2023-12-29,55+,JO,engaged
U000555,2025-04-19,25-34,MC,power
U000556,2025-06-30,25-34,CM,casual
U000557,2023-07-23,35-44,ZM,engaged
U000558,2026-01-09,25-34,GY,power
U000559,2024-02-10,25-34,KR,casual
U000560,2025-10-11,18-24,AL,engaged
U000561,2025-10-13,18-24,NE,power
U000562,2023-10-31,25-34,GR,power
U000563,2023-12-02,18-24,PL,engaged
U000564,2023-12-08,35-44,KH,casual
U000565,2024-02-03,25-34,SB,dormant
U000566,2024-09-04,55+,SE,casual
U000567,2026-06-08,18-24,IR,dormant
U000568,2025-03-15,45-54,RO,power
U000569,2025-06-11,55+,HN,casual
U000570,2025-05-18,45-54,TG,engaged
U000571,2024-01-19,55+,MV,casual
U000572,2024-03-31,55+,US,power
U000573,2025-08-06,45-54,AE,casual
U000574,2024-01-07,18-24,BJ,dormant
U000575,2024-08-11,45-54,NI,dormant
U000576,2024-11-17,18-24,SD,dormant
U000577,2024-07-28,45-54,AD,casual
U000578,2024-08-21,18-24,RS,power
U000579,2024-09-14,55+,TZ,engaged
U000580,2025-11-25,18-24,KM,engaged
U000581,2025-07-08,35-44,CZ,power
U000582,2025-05-02,45-54,SO,power
U000583,2025-06-30,45-54,LY,dormant
U000584,2024-11-06,18-24,TG,casual
U000585,2025-09-30,55+,MT,engaged
U000586,2025-05-16,45-54,LI,dormant
U000587,2024-03-28,25-34,MC,dormant
U000588,2024-06-13,35-44,TO,dormant
U000589,2025-01-23,45-54,HT,dormant
U000590,2025-03-08,18-24,BD,power
U000591,2024-10-15,45-54,CH,power
U000592,2025-06-12,35-44,MA,power
U000593,2025-01-21,25-34,MV,dormant
U000594,2026-04-05,18-24,CF,casual
U000595,2024-01-31,18-24,SA,casual
U000596,2023-08-05,45-54,CN,casual
U000597,2025-07-28,35-44,UA,engaged
U000598,2024-11-05,55+,BZ,casual
U000599,2025-04-22,55+,BZ,power
U000600,2025-09-03,18-24,PH,dormant
U000601,2023-07-02,35-44,WS,dormant
U000602,2024-01-18,18-24,NE,power
U000603,2026-03-22,55+,DE,power
U000604,2023-10-03,35-44,PW,casual
U000605,2024-07-24,55+,LU,engaged
U000606,2026-02-01,25-34,MD,dormant
U000607,2025-02-15,25-34,CF,casual
U000608,2023-10-11,35-44,LS,power
U000609,2026-04-21,18-24,SN,power
U000610,2025-01-19,55+,LB,engaged
U000611,2026-02-06,45-54,VC,casual
U000612,2025-07-06,55+,SR,power
U000613,2023-08-03,18-24,VN,engaged
U000614,2023-09-23,35-44,GW,power
U000615,2026-02-13,35-44,LA,power
U000616,2024-08-28,18-24,GT,engaged
U000617,2023-10-27,25-34,NZ,dormant
U000618,2023-11-08,18-24,PS,engaged
U000619,2026-02-17,18-24,MA,casual
U000620,2023-11-12,55+,PA,engaged
U000621,2024-02-22,45-54,MD,dormant
U000622,2024-09-16,45-54,AT,power
U000623,2023-08-19,25-34,LR,power
U000624,2023-09-04,35-44,KE,power
U000625,2024-12-16,55+,MR,casual
U000626,2025-04-08,18-24,CY,engaged
U000627,2024-06-22,25-34,SM,casual
U000628,2025-03-10,18-24,TM,power
U000629,2026-05-03,45-54,EG,dormant
U000630,2024-02-28,45-54,EC,dormant
U000631,2023-10-09,45-54,VA,power
U000632,2025-01-23,25-34,VN,casual
U000633,2026-05-05,35-44,GY,dormant
U000634,2025-07-21,18-24,TV,power
U000635,2024-01-17,55+,HT,dormant
U000636,2025-05-25,55+,DZ,power
U000637,2024-07-07,18-24,PK,engaged
U000638,2024-07-09,45-54,TL,casual
U000639,2023-06-23,18-24,PT,engaged
U000640,2024-08-28,35-44,GD,engaged
U000641,2025-10-05,25-34,DJ,power
U000642,2023-10-01,35-44,PA,power
U000643,2024-11-26,18-24,TZ,casual
U000644,2024-09-15,45-54,DZ,dormant
U000645,2025-03-29,25-34,FM,engaged
U000646,2024-07-01,45-54,PH,engaged
U000647,2024-09-20,55+,FJ,power
U000648,2025-01-26,18-24,RO,dormant
U000649,2023-11-21,18-24,GW,dormant
U000650,2025-01-21,18-24,TO,dormant
U000651,2024-12-17,18-24,TR,power
U000652,2024-09-10,55+,ME,dormant
U000653,2024-09-09,55+,AO,dormant
U000654,2026-03-27,45-54,MY,power
U000655,2024-08-08,18-24,AG,dormant
U000656,2025-11-04,18-24,LA,power
U000657,2023-08-24,25-34,UZ,dormant
U000658,2025-07-19,35-44,JO,casual
U000659,2024-05-31,45-54,UZ,casual
U000660,2024-12-07,25-34,GN,dormant
U000661,2026-02-21,55+,ET,dormant
U000662,2026-01-28,55+,ID,casual
U000663,2026-04-26,45-54,TW,power
U000664,2026-03-29,35-44,KZ,engaged
U000665,2024-01-07,35-44,YE,engaged
U000666,2023-11-06,18-24,YE,casual
U000667,2026-03-09,55+,BB,engaged
U000668,2024-09-30,35-44,OM,power
U000669,2023-07-30,25-34,TT,engaged
U000670,2024-12-26,18-24,ES,engaged
U000671,2023-12-30,35-44,BW,engaged
U000672,2024-09-09,25-34,LR,engaged
U000673,2025-03-15,18-24,EC,engaged
U000674,2024-04-15,45-54,CO,dormant
U000675,2025-09-23,55+,MM,dormant
U000676,2025-09-10,55+,SC,power
U000677,2024-08-05,35-44,DM,engaged
U000678,2024-07-12,45-54,RO,casual
U000679,2024-09-09,45-54,AE,dormant
U000680,2024-11-16,35-44,CI,power
U000681,2025-06-05,55+,BO,casual
U000682,2024-01-13,35-44,TW,casual
U000683,2024-05-24,35-44,GD,dormant
U000684,2026-04-21,45-54,MY,casual
U000685,2025-10-21,18-24,MM,power
U000686,2023-10-27,35-44,MY,casual
U000687,2023-06-30,18-24,IN,dormant
U000688,2025-09-19,45-54,CM,casual
U000689,2025-05-15,45-54,MN,engaged
U000690,2026-04-19,35-44,AE,dormant
U000691,2026-04-18,55+,IN,engaged
U000692,2025-12-03,18-24,MU,dormant
U000693,2026-02-24,18-24,MR,power
U000694,2023-11-24,18-24,GQ,engaged
U000695,2024-06-06,18-24,PW,engaged
U000696,2023-07-17,45-54,VN,dormant
U000697,2025-10-28,55+,LR,engaged
U000698,2026-01-11,35-44,GN,power
U000699,2026-03-11,35-44,BI,dormant
U000700,2026-02-20,45-54,PL,power
U000701,2026-06-02,55+,KI,casual
U000702,2026-03-13,35-44,NE,casual
U000703,2023-12-07,35-44,CU,casual
U000704,2023-08-18,55+,AZ,dormant
U000705,2024-09-23,35-44,SA,power
U000706,2023-12-06,55+,BY,engaged
U000707,2024-06-07,35-44,SO,casual
U000708,2024-01-05,55+,MW,engaged
U000709,2025-05-13,35-44,MN,power
U000710,2026-04-15,45-54,CH,engaged
U000711,2026-05-25,55+,SR,casual
U000712,2025-03-21,35-44,TZ,dormant
U000713,2024-02-04,35-44,NI,engaged
U000714,2026-03-22,55+,BZ,casual
U000715,2025-07-08,45-54,VE,power
U000716,2025-03-03,18-24,IT,power
U000717,2023-07-29,35-44,FM,engaged
U000718,2025-01-04,25-34,GM,power
U000719,2025-04-27,45-54,PA,engaged
U000720,2024-06-09,25-34,ML,engaged
U000721,2023-11-10,25-34,LA,casual
U000722,2024-12-30,35-44,ST,casual
U000723,2026-03-06,55+,MK,casual
U000724,2023-09-11,35-44,MY,engaged
U000725,2024-08-10,55+,ET,dormant
U000726,2023-12-15,25-34,PH,engaged
U000727,2023-10-29,25-34,HR,engaged
U000728,2024-05-03,45-54,BA,casual
U000729,2026-02-26,45-54,UG,power
U000730,2023-07-12,25-34,BE,dormant
U000731,2024-11-08,55+,HN,power
U000732,2023-12-21,45-54,TM,engaged
U000733,2024-04-22,55+,BJ,engaged
U000734,2025-10-16,35-44,GE,dormant
U000735,2025-12-05,25-34,GM,power
U000736,2024-06-04,55+,LS,dormant
U000737,2024-01-24,45-54,UG,power
U000738,2023-06-13,45-54,IS,dormant
U000739,2024-01-19,25-34,CO,engaged
U000740,2025-09-25,55+,ID,engaged
U000741,2024-03-06,35-44,CG,casual
U000742,2026-03-31,45-54,AR,power
U000743,2023-12-30,55+,AL,casual
U000744,2024-12-16,55+,GW,casual
U000745,2025-12-09,35-44,LI,casual
U000746,2023-07-03,25-34,EC,power
U000747,2024-07-25,45-54,BF,engaged
U000748,2023-12-22,45-54,SZ,casual
U000749,2025-03-23,25-34,SL,dormant
U000750,2023-12-02,35-44,CH,casual
U000751,2023-09-15,45-54,PY,casual
U000752,2025-05-05,45-54,ML,power
U000753,2025-08-14,25-34,UA,dormant
U000754,2023-11-25,18-24,PG,power
U000755,2025-07-30,25-34,GN,casual
U000756,2026-01-19,35-44,BD,casual
U000757,2026-03-28,35-44,SK,engaged
U000758,2024-09-19,25-34,PK,casual
U000759,2026-03-04,35-44,AT,dormant
U000760,2023-09-11,25-34,QA,dormant
U000761,2025-02-21,45-54,NP,casual
U000762,2026-05-09,18-24,CD,casual
U000763,2025-07-09,35-44,LC,engaged
U000764,2025-04-28,25-34,BN,dormant
U000765,2023-10-12,18-24,LI,power
U000766,2026-01-08,25-34,CY,power
U000767,2023-09-19,18-24,CN,casual
U000768,2024-08-09,25-34,VU,dormant
U000769,2026-02-16,55+,TV,dormant
U000770,2025-10-07,18-24,LC,casual
U000771,2024-10-26,45-54,MU,casual
U000772,2025-12-23,55+,SM,engaged
U000773,2024-09-09,25-34,PH,power
U000774,2025-08-02,45-54,UY,casual
U000775,2025-04-07,55+,BZ,power
U000776,2026-06-03,25-34,CI,dormant
U000777,2026-03-22,25-34,CF,casual
U000778,2025-10-12,55+,WS,power
U000779,2024-05-08,18-24,NR,casual
U000780,2025-05-10,45-54,GT,dormant
U000781,2025-03-12,18-24,LU,dormant
U000782,2025-05-13,35-44,MZ,power
U000783,2025-03-16,18-24,ZA,power
U000784,2023-11-03,18-24,KW,power
U000785,2025-04-01,25-34,KW,casual
U000786,2026-04-07,55+,IE,power
U000787,2025-01-10,25-34,DE,casual
U000788,2026-05-10,35-44,PY,power
U000789,2023-09-21,25-34,BW,dormant
U000790,2023-10-19,45-54,BW,engaged
U000791,2025-04-09,25-34,BY,casual
U000792,2025-01-07,45-54,CO,casual
U000793,2025-10-20,35-44,BH,engaged
U000794,2025-12-06,18-24,TJ,engaged
U000795,2025-10-28,18-24,LS,power
U000796,2026-04-14,35-44,CM,dormant
U000797,2025-03-08,55+,MH,dormant
U000798,2026-04-07,35-44,GB,casual
U000799,2025-03-27,25-34,WS,power
U000800,2023-08-27,35-44,JO,casual
U000801,2025-12-27,35-44,KR,power
U000802,2024-12-06,18-24,CA,power
U000803,2025-11-22,45-54,SD,dormant
U000804,2024-05-04,45-54,DE,dormant
U000805,2026-03-25,35-44,RO,engaged
U000806,2024-05-22,45-54,CD,dormant
U000807,2024-12-03,35-44,TH,power
U000808,2024-12-30,18-24,CI,dormant
U000809,2024-08-14,18-24,TO,dormant
U000810,2024-05-25,55+,NP,engaged
U000811,2025-10-27,55+,VU,power
U000812,2026-01-17,35-44,GQ,casual
U000813,2026-03-03,18-24,TH,power
U000814,2023-07-19,35-44,UZ,power
U000815,2026-03-26,45-54,MD,dormant
U000816,2024-07-28,25-34,AT,dormant
U000817,2024-03-15,35-44,IR,dormant
U000818,2026-06-04,18-24,KR,power
U000819,2024-11-17,55+,MG,dormant
U000820,2023-06-18,35-44,EG,casual
U000821,2024-01-17,18-24,TM,dormant
U000822,2026-03-26,35-44,MZ,engaged
U000823,2023-09-25,18-24,CV,engaged
U000824,2026-02-16,55+,AT,dormant
U000825,2023-10-29,18-24,AE,engaged
U000826,2025-09-10,18-24,GM,engaged
U000827,2025-01-13,35-44,NL,power
U000828,2025-05-13,45-54,LV,casual
U000829,2024-02-08,55+,MN,engaged
U000830,2024-10-05,45-54,WS,power
U000831,2024-10-24,35-44,TN,dormant
U000832,2025-12-21,18-24,BS,engaged
U000833,2023-08-29,55+,DE,power
U000834,2024-02-08,45-54,TW,power
U000835,2026-01-23,35-44,BE,engaged
U000836,2026-04-20,18-24,BR,casual
U000837,2024-08-04,25-34,PA,dormant
U000838,2026-04-02,55+,NO,dormant
U000839,2025-07-02,55+,UZ,casual
U000840,2025-04-25,35-44,NI,power
U000841,2024-08-06,45-54,GM,engaged
U000842,2025-08-12,55+,CI,power
U000843,2024-11-26,45-54,NR,engaged
U000844,2023-11-28,18-24,JM,engaged
U000845,2026-04-27,18-24,GD,dormant
U000846,2025-12-16,25-34,RU,dormant
U000847,2025-09-04,18-24,TL,power
U000848,2024-09-30,35-44,BD,casual
U000849,2024-05-16,55+,MY,power
U000850,2025-12-26,35-44,BG,engaged
U000851,2023-06-20,25-34,GA,power
U000852,2024-09-19,55+,GH,engaged
U000853,2024-01-08,18-24,IE,engaged
U000854,2024-08-31,25-34,LR,engaged
U000855,2023-12-12,45-54,AF,casual
U000856,2025-07-20,35-44,AE,power
U000857,2025-04-07,45-54,EC,engaged
U000858,2023-12-26,55+,MU,casual
U000859,2025-09-13,18-24,MA,power
U000860,2024-05-31,45-54,SC,dormant
U000861,2025-10-23,55+,SV,dormant
U000862,2024-12-10,45-54,BN,casual
U000863,2025-02-14,25-34,SZ,power
U000864,2023-08-13,18-24,NZ,dormant
U000865,2023-07-08,45-54,PK,power
U000866,2023-10-07,25-34,KW,engaged
U000867,2025-11-19,25-34,NP,dormant
U000868,2025-11-15,55+,NA,casual
U000869,2026-02-27,18-24,NI,engaged
U000870,2024-08-31,35-44,CI,engaged
U000871,2025-02-27,25-34,AO,power
U000872,2024-10-25,25-34,DO,power
U000873,2026-01-24,55+,PK,power
U000874,2026-05-15,18-24,ML,power
U000875,2023-10-23,25-34,NZ,power
U000876,2023-11-20,25-34,HN,power
U000877,2025-04-15,55+,TZ,casual
U000878,2025-02-20,55+,SL,engaged
U000879,2023-10-09,55+,MY,engaged
U000880,2024-10-02,25-34,CH,power
U000881,2024-11-17,55+,GN,casual
U000882,2024-11-07,18-24,DO,casual
U000883,2023-10-05,18-24,SE,power
U000884,2026-02-16,25-34,CI,dormant
U000885,2025-09-10,55+,SE,casual
U000886,2024-04-05,45-54,MG,power
U000887,2024-12-05,35-44,ZA,dormant
U000888,2026-03-07,25-34,CY,dormant
U000889,2024-06-10,35-44,CA,dormant
U000890,2024-01-22,18-24,IE,casual
U000891,2024-04-10,25-34,EC,dormant
U000892,2025-12-30,45-54,DE,dormant
U000893,2026-03-23,45-54,BO,engaged
U000894,2024-03-10,35-44,YE,engaged
U000895,2025-07-15,35-44,PL,power
U000896,2025-10-31,35-44,PS,dormant
U000897,2025-11-25,25-34,PE,power
U000898,2026-05-02,55+,TM,casual
U000899,2026-03-03,35-44,ZW,engaged
U000900,2026-02-03,45-54,LI,casual
U000901,2026-02-07,35-44,KW,dormant
U000902,2024-01-29,25-34,OM,engaged
U000903,2023-09-23,18-24,PW,casual
U000904,2025-04-25,35-44,ZM,dormant
U000905,2024-09-21,55+,IS,dormant
U000906,2025-12-13,25-34,BG,engaged
U000907,2024-12-06,35-44,SD,power
U000908,2023-10-02,25-34,KR,engaged
U000909,2025-05-26,45-54,PG,dormant
U000910,2023-08-06,45-54,BG,power
U000911,2025-01-01,45-54,JO,casual
U000912,2023-10-06,18-24,KH,dormant
U000913,2023-10-27,55+,VE,dormant
U000914,2025-12-17,25-34,SD,engaged
U000915,2025-01-26,55+,PL,power
U000916,2025-11-26,18-24,TG,casual
U000917,2023-08-11,35-44,PG,dormant
U000918,2025-11-13,55+,CF,dormant
U000919,2024-03-27,35-44,LI,casual
U000920,2026-01-03,18-24,PY,dormant
U000921,2025-07-26,25-34,CZ,power
U000922,2023-09-13,35-44,PG,dormant
U000923,2023-11-16,35-44,LV,casual
U000924,2023-10-18,45-54,SD,casual
U000925,2026-03-08,55+,EC,engaged
U000926,2023-08-08,35-44,HU,power
U000927,2025-04-19,18-24,OM,dormant
U000928,2025-08-31,55+,SK,dormant
U000929,2026-01-11,55+,DJ,power
U000930,2024-12-25,55+,MR,casual
U000931,2024-08-21,25-34,MW,casual
U000932,2025-03-05,45-54,LU,power
U000933,2026-04-28,35-44,US,power
U000934,2023-08-29,25-34,ZM,engaged
U000935,2026-03-10,55+,LT,dormant
U000936,2023-09-19,55+,LS,casual
U000937,2023-11-02,18-24,TH,casual
U000938,2026-04-27,25-34,MV,power
U000939,2024-08-23,45-54,ID,dormant
U000940,2026-03-24,25-34,UY,engaged
U000941,2024-01-28,35-44,LT,power
U000942,2023-10-13,25-34,TV,dormant
U000943,2026-04-04,55+,CV,power
U000944,2024-12-03,55+,KR,power
U000945,2026-03-24,55+,MC,dormant
U000946,2026-04-02,55+,MX,power
U000947,2023-12-26,45-54,UG,casual
U000948,2023-10-18,35-44,KR,power
U000949,2025-10-24,18-24,MT,dormant
U000950,2026-03-04,55+,LS,power
U000951,2023-12-24,18-24,SV,dormant
U000952,2026-06-04,35-44,SZ,engaged
U000953,2026-05-08,18-24,SL,dormant
U000954,2023-11-01,25-34,KH,dormant
U000955,2026-04-15,25-34,NO,engaged
U000956,2025-08-06,18-24,ML,casual
U000957,2023-07-07,25-34,ML,casual
U000958,2024-09-30,45-54,EG,power
U000959,2024-05-06,45-54,LV,engaged
U000960,2025-07-03,45-54,FI,engaged
U000961,2024-05-25,45-54,CU,dormant
U000962,2024-02-04,18-24,BO,engaged
U000963,2024-09-10,55+,BZ,engaged
U000964,2025-08-05,55+,SR,power
U000965,2025-09-03,45-54,AZ,dormant
U000966,2026-04-02,35-44,LU,engaged
U000967,2026-01-24,45-54,CO,power
U000968,2025-12-22,55+,MT,power
U000969,2024-02-03,35-44,DK,dormant
U000970,2024-03-15,25-34,MD,engaged
U000971,2026-02-03,35-44,DM,power
U000972,2025-04-18,25-34,BD,power
U000973,2025-03-08,35-44,MM,engaged
U000974,2026-04-24,45-54,WS,power
U000975,2024-06-11,45-54,PA,power
U000976,2026-01-12,55+,JM,power
U000977,2025-05-06,35-44,HT,casual
U000978,2025-09-15,55+,GY,dormant
U000979,2024-10-01,45-54,PW,power
U000980,2024-04-05,25-34,MN,power
U000981,2026-04-27,18-24,TO,power
U000982,2025-04-23,18-24,PL,power
U000983,2024-08-19,45-54,MU,power
U000984,2025-07-29,45-54,SM,engaged
U000985,2025-03-20,25-34,DK,power
U000986,2024-04-14,55+,UY,power
U000987,2024-01-09,25-34,ID,casual
U000988,2023-08-29,55+,BA,engaged
U000989,2025-06-24,25-34,MR,casual
U000990,2025-10-17,55+,CA,engaged
U000991,2025-08-18,25-34,CM,casual
U000992,2024-08-24,18-24,BS,dormant
U000993,2024-02-13,35-44,IR,dormant
U000994,2025-05-06,18-24,SG,engaged
U000995,2024-01-23,18-24,NZ,engaged
U000996,2023-10-29,45-54,GN,dormant
U000997,2025-05-09,45-54,MG,engaged
U000998,2023-07-20,35-44,NI,power
U000999,2023-08-30,35-44,MY,casual
U001000,2025-07-27,18-24,MR,engaged
U001001,2024-06-09,55+,MV,casual
U001002,2023-10-13,25-34,MR,dormant
U001003,2024-05-22,25-34,AT,casual
U001004,2024-10-16,45-54,BZ,dormant
U001005,2026-03-14,25-34,LT,power
U001006,2024-01-21,18-24,CU,casual
U001007,2023-08-07,35-44,JO,casual
U001008,2025-06-11,35-44,MC,power
U001009,2024-01-10,45-54,PS,dormant
U001010,2025-06-06,25-34,PE,dormant
U001011,2026-01-19,35-44,AF,engaged
U001012,2023-10-10,18-24,AM,power
U001013,2024-07-10,25-34,GM,dormant
U001014,2024-01-27,35-44,SY,engaged
U001015,2026-01-09,18-24,SM,power
U001016,2025-03-27,35-44,CG,engaged
U001017,2024-08-29,25-34,GW,dormant
U001018,2024-09-18,45-54,CM,power
U001019,2023-08-22,18-24,GY,dormant
U001020,2025-03-22,18-24,DZ,engaged
U001021,2026-01-31,25-34,PK,dormant
U001022,2023-09-14,35-44,CG,engaged
U001023,2025-07-24,18-24,UG,power
U001024,2025-09-18,45-54,AM,engaged
U001025,2026-02-14,45-54,SG,power
U001026,2025-11-18,35-44,GY,power
U001027,2024-01-18,55+,JP,casual
U001028,2025-04-05,35-44,AD,power
U001029,2026-01-19,25-34,MH,casual
U001030,2024-06-16,18-24,TO,dormant
U001031,2025-03-17,35-44,ER,engaged
U001032,2026-04-06,45-54,SV,power
U001033,2023-10-19,18-24,SL,power
U001034,2024-12-20,35-44,BJ,engaged
U001035,2025-09-03,25-34,ST,engaged
U001036,2025-08-05,45-54,SD,engaged
U001037,2025-10-16,45-54,AO,power
U001038,2025-02-04,45-54,PW,dormant
U001039,2023-08-15,55+,ZW,engaged
U001040,2025-01-29,25-34,MR,casual
U001041,2024-07-07,55+,AE,dormant
U001042,2023-07-04,55+,MK,power
U001043,2023-09-21,18-24,LY,casual
U001044,2024-06-17,18-24,ES,engaged
U001045,2026-03-25,55+,YE,engaged
U001046,2023-11-17,25-34,TT,power
U001047,2024-11-06,55+,CR,dormant
U001048,2023-08-16,18-24,MH,engaged
U001049,2025-10-04,55+,LU,dormant
U001050,2026-03-03,18-24,EC,dormant
U001051,2026-05-07,18-24,PL,dormant
U001052,2026-05-24,25-34,QA,dormant
U001053,2026-02-14,45-54,EG,casual
U001054,2024-01-04,55+,BI,dormant
U001055,2025-05-19,35-44,AZ,casual
U001056,2024-09-06,45-54,FR,power
U001057,2023-08-16,18-24,FR,engaged
U001058,2023-08-13,55+,KW,casual
U001059,2024-10-02,18-24,SG,dormant
U001060,2025-02-16,35-44,ST,casual
U001061,2025-06-13,55+,ID,casual
U001062,2023-08-04,18-24,GB,dormant
U001063,2026-03-09,18-24,ET,power
U001064,2024-08-26,45-54,MK,engaged
U001065,2023-08-22,25-34,TD,dormant
U001066,2024-11-05,35-44,IR,dormant
U001067,2023-12-19,45-54,MN,dormant
U001068,2025-04-17,45-54,MZ,casual
U001069,2025-04-22,55+,MV,engaged
U001070,2024-11-16,35-44,ER,casual
U001071,2025-07-18,25-34,MD,dormant
U001072,2025-07-20,55+,MN,engaged
U001073,2025-08-23,25-34,IQ,casual
U001074,2023-10-15,18-24,ZA,power
U001075,2025-03-29,45-54,BR,dormant
U001076,2025-04-07,55+,UY,dormant
U001077,2024-03-15,25-34,ST,engaged
U001078,2024-09-07,45-54,LI,power
U001079,2023-11-15,25-34,BR,power
U001080,2024-10-30,25-34,HR,casual
U001081,2024-09-10,18-24,KP,dormant
U001082,2025-05-01,55+,UY,casual
U001083,2025-03-31,25-34,DM,engaged
U001084,2026-05-15,18-24,PA,casual
U001085,2024-12-06,55+,PE,casual
U001086,2023-08-13,45-54,ZA,casual
U001087,2024-12-07,25-34,VE,casual
U001088,2025-04-14,45-54,IS,dormant
U001089,2026-02-26,25-34,BG,engaged
U001090,2023-10-03,18-24,SV,engaged
U001091,2026-02-23,55+,NA,power
U001092,2024-12-24,25-34,SG,power
U001093,2026-04-29,55+,DJ,power
U001094,2023-07-27,25-34,CV,power
U001095,2026-01-07,25-34,GD,engaged
U001096,2025-04-19,45-54,AU,power
U001097,2023-12-22,35-44,BJ,casual
U001098,2024-06-09,55+,KH,engaged
U001099,2024-12-29,45-54,ML,dormant
U001100,2025-01-23,18-24,TN,power
U001101,2023-07-29,45-54,UY,power
U001102,2024-02-02,45-54,GD,dormant
U001103,2025-05-07,25-34,MN,power
U001104,2025-01-06,45-54,PA,engaged
U001105,2023-10-06,55+,TO,dormant
U001106,2024-01-08,25-34,SM,engaged
U001107,2024-12-30,35-44,MY,engaged
U001108,2024-10-09,45-54,CF,casual
U001109,2024-08-14,55+,HU,dormant
U001110,2023-12-02,45-54,AR,engaged
U001111,2024-03-24,45-54,SB,engaged
U001112,2025-08-21,35-44,MW,engaged
U001113,2025-10-28,35-44,CL,casual
U001114,2024-07-19,45-54,IL,power
U001115,2026-06-06,18-24,PE,engaged
U001116,2024-05-07,18-24,VA,power
U001117,2024-08-25,45-54,MD,casual
U001118,2025-07-11,18-24,FR,engaged
U001119,2023-12-16,55+,CR,engaged
U001120,2023-10-02,45-54,PG,engaged
U001121,2024-03-03,35-44,LC,power
U001122,2025-04-30,18-24,BT,engaged
U001123,2026-05-03,25-34,LB,casual
U001124,2026-04-11,45-54,LY,engaged
U001125,2023-09-17,55+,SY,engaged
U001126,2025-09-28,45-54,JP,engaged
U001127,2024-09-16,55+,DJ,power
U001128,2026-05-31,35-44,DZ,dormant
U001129,2024-03-05,45-54,ML,power
U001130,2025-08-07,35-44,GR,power
U001131,2023-12-14,35-44,FR,dormant
U001132,2024-01-10,45-54,GW,casual
U001133,2025-07-15,45-54,AR,power
U001134,2024-12-20,25-34,TG,power
U001135,2025-11-14,35-44,MN,dormant
U001136,2025-06-04,18-24,TG,engaged
U001137,2023-12-27,25-34,VA,casual
U001138,2023-10-20,35-44,BI,dormant
U001139,2024-10-01,35-44,MY,engaged
U001140,2025-06-21,25-34,SL,power
U001141,2025-03-08,25-34,NE,dormant
U001142,2025-11-18,55+,BN,engaged
U001143,2023-12-20,45-54,LB,power
U001144,2026-03-02,35-44,BN,dormant
U001145,2025-05-08,45-54,PT,dormant
U001146,2026-04-30,25-34,SI,power
U001147,2024-11-25,25-34,CN,engaged
U001148,2025-10-12,55+,DZ,dormant
U001149,2025-12-08,25-34,EG,casual
U001150,2023-12-26,55+,NR,casual
U001151,2025-07-29,18-24,BG,casual
U001152,2023-12-18,18-24,SI,dormant
U001153,2024-02-01,25-34,KI,engaged
U001154,2024-02-19,18-24,DK,engaged
U001155,2024-10-22,18-24,KN,engaged
U001156,2024-05-24,55+,LY,dormant
U001157,2025-08-23,35-44,JM,casual
U001158,2023-10-09,55+,ID,dormant
U001159,2024-04-08,45-54,ZW,casual
U001160,2025-10-11,18-24,IS,dormant
U001161,2023-12-20,18-24,YE,casual
U001162,2024-09-21,55+,VE,power
U001163,2025-09-14,55+,BW,power
U001164,2025-07-28,18-24,BA,dormant
U001165,2024-02-25,25-34,UA,casual
U001166,2025-11-27,18-24,DE,engaged
U001167,2024-02-29,25-34,KM,engaged
U001168,2026-02-03,55+,WS,power
U001169,2026-01-04,35-44,LU,power
U001170,2025-10-31,45-54,BB,casual
U001171,2023-07-23,35-44,BR,dormant
U001172,2023-08-18,45-54,BA,engaged
U001173,2025-11-20,25-34,IN,power
U001174,2026-03-16,18-24,GE,casual
U001175,2025-11-13,18-24,NI,dormant
U001176,2026-01-24,45-54,DZ,dormant
U001177,2023-07-26,55+,SB,dormant
U001178,2026-02-07,18-24,ST,casual
U001179,2024-08-31,25-34,BA,casual
U001180,2024-09-20,45-54,RO,dormant
U001181,2024-06-23,35-44,LA,casual
U001182,2025-02-28,55+,KG,casual
U001183,2025-05-13,25-34,BN,engaged
U001184,2026-05-13,55+,BH,dormant
U001185,2024-02-09,35-44,OM,casual
U001186,2025-03-15,18-24,RO,power
U001187,2025-05-30,55+,GA,casual
U001188,2024-11-18,25-34,UZ,power
U001189,2024-01-18,18-24,KW,engaged
U001190,2024-10-17,55+,ES,engaged
U001191,2024-11-26,45-54,MZ,casual
U001192,2023-12-29,35-44,PS,engaged
U001193,2025-01-04,55+,SG,engaged
U001194,2025-10-28,55+,CD,dormant
U001195,2024-10-16,55+,GY,power
U001196,2025-06-02,45-54,CM,engaged
U001197,2024-07-28,18-24,PG,power
U001198,2024-06-28,18-24,CV,casual
U001199,2023-11-06,45-54,BE,engaged
