ip_id,ip_address,is_internal,geo_country
IP000000,170.249.39.244,true,MG
IP000001,28.208.124.32,false,ZA
IP000002,14.85.15.116,false,KH
IP000003,218.221.74.246,true,CY
IP000004,114.176.171.237,false,GW
IP000005,71.76.54.100,false,CA
IP000006,11.26.58.196,false,CY
IP000007,219.46.21.11,false,IE
IP000008,97.57.19.203,true,PS
IP000009,178.105.75.69,false,EE
IP000010,201.249.249.208,false,PL
IP000011,190.93.110.142,true,KZ
IP000012,218.87.184.204,true,YE
IP000013,60.37.18.246,true,BJ
IP000014,25.176.180.122,false,IS
IP000015,150.134.56.168,false,SD
IP000016,93.141.48.90,false,PG
IP000017,87.153.101.149,true,JO
IP000018,69.199.106.254,true,VE
IP000019,152.155.92.103,false,PL
IP000020,130.160.29.187,false,PG
IP000021,214.6.14.198,false,LI
IP000022,137.167.181.50,true,BH
IP000023,26.253.113.54,false,LC
IP000024,75.11.52.138,false,BB
IP000025,119.1.14.209,true,OM
IP000026,10.138.57.119,false,MM
IP000027,50.26.237.175,false,MW
IP000028,53.167.206.172,true,GD
IP000029,149.106.229.27,false,BI
IP000030,56.189.119.202,true,JM
IP000031,121.51.246.238,false,LT
IP000032,73.13.41.158,true,MG
IP000033,57.21.214.241,false,CO
IP000034,133.108.9.76,false,KR
IP000035,3.80.92.40,false,CN
IP000036,133.251.34.39,false,KH
IP000037,151.40.49.10,false,AM
IP000038,43.137.109.123,true,GH
IP000039,63.31.16.19,false,FI
IP000040,114.51.119.187,false,DE
IP000041,70.121.23.26,true,SD
IP000042,177.53.58.56,false,HR
IP000043,40.99.27.135,true,UG
IP000044,42.98.66.32,false,EG
IP000045,173.83.6.50,true,WS
IP000046,29.37.192.246,true,MM
IP000047,143.51.177.219,false,PA
IP000048,156.187.60.91,false,HT
IP000049,12.243.148.154,true,PW
IP000050,214.53.97.106,false,MN
IP000051,156.50.191.118,true,PL
IP000052,188.56.76.139,true,SC
IP000053,10.151.202.79,false,FR
IP000054,162.54.225.96,true,ID
IP000055,94.193.255.76,true,MR
IP000056,2.105.13.72,false,LC
IP000057,170.127.171.135,true,JM
IP000058,74.66.142.174,false,IR
IP000059,20.183.20.133,false,NZ
IP000060,78.53.222.230,false,PG
IP000061,208.218.123.114,false,NI
IP000062,87.238.252.44,true,GW
IP000063,37.57.6.3,false,MR
IP000064,117.25.85.78,false,BZ
IP000065,171.87.86.90,true,CY
IP000066,82.92.59.102,false,PW
IP000067,136.225.250.189,false,PS
IP000068,156.181.226.247,false,VE
IP000069,69.18.8.253,false,AM
IP000070,121.50.55.87,false,SY
IP000071,207.98.211.100,false,CG
IP000072,183.154.191.175,true,KI
IP000073,79.66.151.195,true,NL
IP000074,157.65.89.125,true,BI
IP000075,95.253.51.177,false,UG
IP000076,5.239.125.66,false,VC
IP000077,91.120.166.104,false,AD
IP000078,143.101.103.143,false,TO
IP000079,37.122.178.243,false,SL
IP000080,193.34.166.221,false,SL
IP000081,4.41.165.8,false,MW
IP000082,209.100.162.79,true,ZW
IP000083,55.228.47.181,true,ID
IP000084,187.109.80.32,false,BJ
IP000085,38.162.109.199,false,TT
IP000086,186.163.254.16,true,CR
IP000087,85.170.194.30,true,BA
IP000088,111.111.24.106,true,MC
IP000089,21.213.56.168,false,CR
IP000090,93.74.159.73,false,AZ
IP000091,34.205.184.213,false,FR
IP000092,218.25.92.101,false,KR
IP000093,15.147.11.162,false,ID
IP000094,76.59.9.229,false,JO
IP000095,35.15.56.161,false,TD
IP000096,39.247.102.2,true,MN
IP000097,28.204.250.119,false,CH
IP000098,28.95.100.218,true,LU
IP000099,193.254.14.89,true,MD
IP000100,24.136.249.213,false,BS
IP000101,178.134.145.236,false,NR
IP000102,139.140.153.89,false,ST
IP000103,38.144.246.213,false,BR
IP000104,50.235.195.215,false,KP
IP000105,29.162.190.45,false,DM
IP000106,150.127.190.239,false,PE
IP000107,86.144.84.236,true,VE
IP000108,198.99.36.161,true,DZ
IP000109,192.99.171.193,true,BO
IP000110,153.255.89.49,true,MM
IP000111,10.143.78.60,true,AT
IP000112,92.11.6.8,true,AU
IP000113,79.26.140.93,true,KH
IP000114,56.128.175.185,false,TN
IP000115,73.209.238.79,false,GD
IP000116,27.222.240.247,false,MR
IP000117,18.117.216.110,false,TO
IP000118,87.124.27.163,false,MY
IP000119,49.214.13.158,false,HU
IP000120,203.134.162.65,false,LK
IP000121,99.24.140.214,true,TJ
IP000122,80.168.150.105,false,MA
IP000123,25.35.114.29,false,MD
IP000124,223.183.233.120,true,FR
IP000125,68.189.68.198,true,PG
IP000126,111.31.44.232,false,BT
IP000127,165.29.8.16,false,TL
IP000128,36.39.246.59,true,SY
IP000129,6.102.79.175,false,DJ
IP000130,181.146.39.79,true,ML
IP000131,9.241.25.192,false,FR
IP000132,163.201.171.225,true,SA
IP000133,87.156.61.151,true,PT
IP000134,162.19.138.254,true,VA
IP000135,210.26.155.199,false,KR
IP000136,62.162.114.250,false,SL
IP000137,58.52.40.170,true,TR
IP000138,84.74.46.108,false,BA
IP000139,93.208.54.12,true,KZ
IP000140,10.13.168.151,false,TG
IP000141,139.165.72.181,true,CO
IP000142,17.197.241.43,false,CM
IP000143,12.221.177.179,true,DM
IP000144,107.155.134.187,true,LY
IP000145,201.34.221.143,true,BR
IP000146,116.100.38.196,false,CN
IP000147,133.250.187.32,false,SC
IP000148,137.222.81.161,true,DO
IP000149,149.155.143.47,false,TM
IP000150,65.208.223.14,false,BR
IP000151,80.240.31.80,true,CF
IP000152,101.213.74.220,false,VN
IP000153,159.223.219.2,false,YE
IP000154,6.106.176.81,false,RO
IP000155,118.127.90.224,true,KG
IP000156,17.234.206.191,false,DJ
IP000157,31.126.252.58,false,PL
IP000158,102.147.29.226,false,KW
IP000159,218.55.215.1,true,ES
IP000160,197.97.168.209,false,MZ
IP000161,87.182.238.59,false,SG
IP000162,3.70.198.80,false,GY
IP000163,24.143.32.194,false,PG
IP000164,113.140.138.97,false,BE
IP000165,56.149.233.40,false,VE
IP000166,42.56.132.239,false,LR
IP000167,206.128.112.174,false,ET
IP000168,191.241.202.144,false,SG
IP000169,25.223.144.73,true,SB
IP000170,89.42.225.70,true,SD
IP000171,23.180.12.142,false,GM
IP000172,131.29.55.3,false,BE
IP000173,126.240.240.194,false,JO
IP000174,4.220.39.110,false,NR
IP000175,80.237.31.185,true,ZA
IP000176,57.206.234.47,false,MM
IP000177,67.70.42.229,false,TN
IP000178,3.115.57.110,false,TG
IP000179,56.185.240.105,false,SD
IP000180,24.243.120.198,false,VU
IP000181,135.154.153.138,true,CN
IP000182,193.201.173.191,false,MR
IP000183,165.108.228.180,true,TH
IP000184,205.39.117.165,false,FJ
IP000185,153.176.83.114,true,SC
IP000186,66.125.145.1,true,CU
IP000187,191.40.233.127,true,SI
IP000188,20.121.21.251,false,LR
IP000189,206.140.89.121,true,DK
IP000190,51.38.167.201,false,UA
IP000191,63.89.165.199,true,KN
IP000192,1.243.37.31,false,AM
IP000193,39.3.194.247,false,NI
IP000194,129.180.150.68,false,UG
IP000195,23.72.8.187,true,WS
IP000196,94.191.172.69,true,DO
IP000197,14.21.66.118,true,CY
IP000198,173.240.4.192,false,AU
IP000199,135.8.135.58,true,ET
IP000200,84.19.137.161,false,NL
IP000201,107.67.35.236,true,NG
IP000202,15.139.178.42,false,LK
IP000203,180.107.43.244,true,SI
IP000204,103.76.217.200,true,HR
IP000205,28.14.242.212,true,KW
IP000206,202.235.89.4,false,SN
IP000207,54.172.163.82,false,GD
IP000208,184.117.167.172,true,VA
IP000209,23.227.124.26,false,IT
IP000210,2.230.67.139,false,KG
IP000211,182.162.5.10,false,FM
IP000212,148.74.101.67,false,QA
IP000213,49.128.84.10,false,JO
IP000214,88.76.232.211,false,MY
IP000215,162.87.247.89,true,JP
IP000216,69.14.209.120,false,LY
IP000217,216.52.201.253,false,AE
IP000218,22.119.87.81,true,SO
IP000219,125.22.35.240,false,CU
IP000220,79.80.101.191,false,HN
IP000221,78.113.103.126,true,DZ
IP000222,113.154.105.44,true,NG
IP000223,62.59.221.153,true,BZ
IP000224,136.204.66.138,true,AF
IP000225,194.161.187.78,true,NE
IP000226,158.113.220.232,false,QA
IP000227,146.98.57.6,false,LI
IP000228,35.201.81.223,true,BT
IP000229,142.220.178.27,true,SN
IP000230,177.49.140.22,false,EC
IP000231,43.64.31.65,true,AZ
IP000232,198.229.161.111,false,SA
IP000233,98.80.212.15,false,AZ
IP000234,70.222.3.183,true,LT
IP000235,63.156.66.213,false,CR
IP000236,168.239.160.107,false,IR
IP000237,96.230.179.88,true,LS
IP000238,111.87.182.178,true,KH
IP000239,121.125.85.240,false,AL
IP000240,185.112.214.180,false,TN
IP000241,140.92.193.45,false,EC
IP000242,153.243.141.227,false,NP
IP000243,9.99.71.37,true,MZ
IP000244,139.211.116.134,true,CU
IP000245,23.240.0.112,false,AF
IP000246,121.226.88.247,false,PE
IP000247,186.140.74.92,false,KI
IP000248,128.187.92.243,true,IL
IP000249,143.31.148.218,true,BH
IP000250,157.201.8.16,false,KP
IP000251,108.249.196.2,false,FM
IP000252,82.225.229.103,true,MN
IP000253,142.6.51.244,true,CR
IP000254,30.143.47.108,true,AE
IP000255,197.126.151.130,true,NI
IP000256,158.34.12.22,false,TW
IP000257,5.191.78.151,false,HU
IP000258,133.61.92.244,false,SL
IP000259,27.147.189.220,false,BO
IP000260,211.151.54.231,false,BH
IP000261,173.158.4.95,false,TO
IP000262,5.80.248.219,true,LR
IP000263,169.184.142.59,true,CI
IP000264,159.72.245.30,true,BW
IP000265,222.65.100.233,false,BG
IP000266,29.75.40.121,true,PH
IP000267,1.236.188.217,true,GQ
IP000268,160.89.43.250,false,MY
IP000269,120.6.44.249,false,CH
IP000270,113.43.33.2,true,BD
IP000271,36.20.164.116,false,SR
IP000272,199.35.86.122,false,PW
IP000273,90.42.224.58,false,EG
IP000274,189.115.154.227,true,MR
IP000275,199.195.212.94,false,PE
IP000276,220.20.115.58,false,MT
IP000277,72.130.231.170,true,TD
IP000278,211.203.215.202,false,EE
IP000279,199.201.62.251,false,SM
IP000280,78.64.142.118,true,AD
IP000281,185.140.48.139,false,PL
IP000282,155.36.233.228,false,SN
IP000283,46.178.208.232,false,HU
IP000284,20.246.193.27,true,IS
IP000285,96.231.27.23,false,AU
IP000286,166.181.53.161,false,VE
IP000287,176.128.43.157,false,GY
IP000288,102.103.81.119,false,UG
IP000289,67.29.131.74,true,HN
IP000290,188.223.91.148,true,OM
IP000291,115.121.239.70,true,TW
IP000292,209.206.99.186,true,CU
IP000293,12.160.210.183,false,HT
IP000294,165.26.58.194,false,TR
IP000295,148.133.198.252,true,GW
IP000296,41.43.45.200,false,HR
IP000297,14.157.241.78,false,KG
IP000298,124.179.86.29,true,YE
IP000299,159.184.64.70,true,BE
IP000300,195.134.77.102,true,SL
IP000301,58.165.16.21,true,NE
IP000302,110.5.251.30,true,ER
IP000303,191.39.16.241,false,GY
IP000304,168.153.250.31,true,KN
IP000305,111.104.141.17,true,BG
IP000306,3.170.129.9,true,TH
IP000307,14.54.246.229,false,HN
IP000308,122.164.96.236,true,KH
IP000309,92.201.78.168,false,MN
IP000310,76.48.217.213,true,BF
IP000311,120.80.254.78,true,BN
IP000312,97.188.115.40,false,QA
IP000313,101.170.122.76,true,KI
IP000314,202.7.217.209,true,GH
IP000315,204.240.67.121,false,AE
IP000316,198.15.83.81,false,HN
IP000317,141.22.190.77,true,MY
IP000318,218.74.171.142,false,JM
IP000319,54.254.27.207,true,KP
IP000320,123.250.108.132,true,PT
IP000321,94.12.33.140,true,PS
IP000322,170.208.0.167,true,MN
IP000323,34.237.0.121,false,TM
IP000324,212.171.102.28,false,AM
IP000325,123.87.51.44,false,KE
IP000326,109.71.32.210,false,GT
IP000327,47.186.10.96,true,SB
IP000328,6.179.84.231,false,IE
IP000329,191.162.200.180,false,RS
IP000330,159.101.235.3,true,PK
IP000331,109.162.131.123,false,DO
IP000332,95.64.147.27,false,ER
IP000333,209.225.34.11,true,SL
IP000334,68.193.212.85,true,SV
IP000335,64.104.151.180,true,NG
IP000336,78.207.206.0,false,BJ
IP000337,128.149.198.20,false,GM
IP000338,13.248.161.75,true,BH
IP000339,158.236.209.30,true,KM
IP000340,16.54.43.29,true,SN
IP000341,4.24.69.82,false,AM
IP000342,12.101.86.139,true,SO
IP000343,193.8.198.234,false,SC
IP000344,166.227.160.186,false,EE
IP000345,70.42.1.187,true,SL
IP000346,107.18.39.89,false,VN
IP000347,13.171.202.110,false,IQ
IP000348,161.67.169.175,false,MR
IP000349,202.235.1.192,true,TM
IP000350,115.157.28.127,false,KG
IP000351,133.40.211.223,true,TD
IP000352,199.16.56.243,false,BW
IP000353,56.35.139.215,true,TG
IP000354,16.77.106.112,true,ME
IP000355,111.255.107.130,false,NZ
IP000356,149.51.137.175,true,TM
IP000357,193.48.211.68,false,SM
IP000358,215.90.63.70,true,GH
IP000359,223.55.76.97,true,IR
IP000360,68.194.30.93,true,LA
IP000361,209.13.136.11,true,EE
IP000362,206.132.16.141,false,AM
IP000363,203.164.233.188,false,GB
IP000364,175.47.181.210,true,BO
IP000365,47.99.229.125,false,TN
IP000366,175.28.254.35,true,GD
IP000367,218.157.135.230,false,MV
IP000368,180.122.121.169,false,FM
IP000369,187.17.71.240,false,BF
IP000370,78.219.114.131,true,BO
IP000371,57.99.149.40,false,LR
IP000372,81.126.48.163,true,PG
IP000373,27.98.206.43,true,TG
IP000374,207.116.108.178,false,ER
IP000375,152.83.28.135,false,BS
IP000376,185.115.191.171,false,HU
IP000377,178.160.14.46,false,IQ
IP000378,106.119.235.10,false,SZ
IP000379,55.21.182.111,false,CD
IP000380,83.186.167.110,true,PA
IP000381,49.67.218.123,true,CA
IP000382,75.254.58.31,true,NR
IP000383,29.14.178.168,true,CA
IP000384,86.166.136.26,true,TG
IP000385,84.195.119.105,false,MV
IP000386,90.123.221.56,false,MW
IP000387,183.196.139.247,false,TO
IP000388,14.23.122.119,true,DO
IP000389,83.69.188.18,true,IQ
IP000390,18.6.72.214,true,DM
IP000391,29.121.171.156,false,KG
IP000392,18.118.35.203,false,ML
IP000393,121.249.4.54,false,WS
IP000394,140.131.220.176,false,PK
IP000395,83.127.132.69,false,AF
IP000396,201.84.48.191,false,VN
IP000397,53.23.54.35,false,OM
IP000398,40.182.67.108,false,KG
IP000399,44.218.192.50,false,QA
IP000400,57.124.193.222,true,LB
IP000401,63.108.169.234,false,TR
IP000402,186.109.168.250,false,MT
IP000403,126.201.46.203,false,MM
IP000404,76.201.134.33,false,UA
IP000405,198.174.15.181,false,KZ
IP000406,176.220.127.41,true,ZA
IP000407,22.181.112.140,false,OM
IP000408,161.27.70.30,false,NE
IP000409,136.232.79.136,false,ZW
IP000410,48.43.239.207,true,KM
IP000411,110.197.33.209,false,MT
IP000412,94.171.200.0,false,TV
IP000413,58.197.112.70,false,ST
IP000414,87.2.135.250,false,ME
IP000415,210.184.44.9,false,CD
IP000416,187.92.59.117,false,DM
IP000417,130.213.193.200,false,TM
IP000418,197.153.53.100,true,GB
IP000419,59.140.149.106,false,CD
IP000420,80.143.43.103,true,GN
IP000421,11.137.88.147,true,PE
IP000422,61.162.211.223,false,GD
IP000423,137.165.206.19,false,LY
IP000424,198.251.150.226,true,CA
IP000425,37.126.165.32,false,CI
IP000426,173.34.38.152,true,MG
IP000427,61.36.43.122,true,GA
IP000428,13.146.163.84,true,PY
IP000429,92.244.229.21,false,LB
IP000430,66.220.22.76,true,KN
IP000431,85.244.253.55,true,KH
IP000432,74.132.199.7,true,SZ
IP000433,114.202.143.120,false,TG
IP000434,110.210.104.179,false,PL
IP000435,118.123.19.4,false,ZM
IP000436,99.117.2.232,false,MY
IP000437,76.160.246.169,false,PG
IP000438,152.226.175.125,false,AF
IP000439,141.43.146.175,false,IT
IP000440,178.0.133.176,false,TR
IP000441,75.247.38.100,false,MM
IP000442,61.72.129.145,true,CI
IP000443,123.234.118.147,false,SM
IP000444,195.64.237.1,true,UG
IP000445,57.31.112.228,false,TZ
IP000446,86.134.235.195,true,PK
IP000447,147.9.86.8,false,VE
IP000448,136.146.153.169,false,KW
IP000449,83.139.88.149,false,CI
IP000450,97.33.128.150,false,SE
IP000451,40.210.209.88,false,TR
IP000452,43.227.99.123,false,RU
IP000453,139.22.71.106,false,TH
IP000454,108.159.17.55,true,CU
IP000455,99.155.166.101,true,VN
IP000456,86.250.127.108,false,AG
IP000457,22.62.126.24,false,MV
IP000458,203.7.245.178,false,NE
IP000459,154.153.176.97,true,KN
IP000460,171.244.109.165,false,DM
IP000461,65.249.159.44,false,PS
IP000462,112.133.235.72,true,IS
IP000463,116.158.100.194,true,DO
IP000464,191.217.155.94,false,SY
IP000465,9.211.202.90,true,IQ
IP000466,187.189.84.230,false,SR
IP000467,172.85.55.229,true,PS
IP000468,182.254.75.166,false,NO
IP000469,79.215.142.227,true,KG
IP000470,209.8.8.11,true,PG
IP000471,120.178.36.37,true,OM
IP000472,211.193.160.86,false,GW
IP000473,101.179.133.226,false,KN
IP000474,155.103.22.212,true,DM
IP000475,141.57.65.166,true,GA
IP000476,165.156.240.176,true,SN
IP000477,126.86.53.142,true,LI
IP000478,192.146.186.134,false,JP
IP000479,134.24.43.74,false,CR
IP000480,203.116.175.47,true,BH
IP000481,199.64.247.124,true,ME
IP000482,215.253.91.33,false,CY
IP000483,143.215.239.211,true,PS
IP000484,171.146.32.37,true,RW
IP000485,81.50.169.104,true,YE
IP000486,60.237.110.181,false,BO
IP000487,133.245.67.214,false,NA
IP000488,12.115.156.199,true,MD
IP000489,206.243.219.150,true,PH
IP000490,201.79.36.235,false,TT
IP000491,69.246.8.110,false,ES
IP000492,195.110.209.240,true,BI
IP000493,166.93.11.81,false,GM
IP000494,194.216.239.151,true,SA
IP000495,122.68.204.114,false,LU
IP000496,5.11.116.255,true,TM
IP000497,169.87.255.81,false,KZ
IP000498,177.120.93.78,false,BZ
IP000499,157.105.201.161,false,AM
IP000500,74.28.102.230,true,OM
IP000501,29.176.136.41,true,FR
IP000502,198.161.197.14,true,CF
IP000503,49.137.136.239,false,BW
IP000504,144.6.96.192,true,BS
IP000505,42.151.246.134,false,BF
IP000506,51.141.118.160,false,RS
IP000507,142.252.54.112,true,NP
IP000508,134.23.125.74,true,AD
IP000509,100.147.243.202,true,CO
IP000510,156.123.249.202,true,AG
IP000511,85.253.30.109,false,CL
IP000512,197.176.115.16,false,MD
IP000513,68.136.115.119,false,GT
IP000514,38.142.42.181,false,CA
IP000515,51.38.255.215,true,CU
IP000516,40.133.119.192,true,BA
IP000517,199.73.36.9,true,BJ
IP000518,8.34.182.104,true,VA
IP000519,156.42.150.195,false,MG
IP000520,180.216.14.143,false,NG
IP000521,156.80.4.104,true,GM
IP000522,70.110.5.63,true,CU
IP000523,188.73.253.73,false,MG
IP000524,203.52.32.211,false,CU
IP000525,113.89.21.47,false,HU
IP000526,6.71.132.143,true,FM
IP000527,83.78.57.5,true,GA
IP000528,11.4.178.55,false,AE
IP000529,35.126.15.132,true,GY
IP000530,19.155.152.152,false,GY
IP000531,9.34.221.123,false,SM
IP000532,208.98.218.90,false,ML
IP000533,205.14.77.10,false,MW
IP000534,221.119.182.205,false,MM
IP000535,5.97.213.102,false,PW
IP000536,200.74.190.95,false,AM
IP000537,128.225.253.211,false,IN
IP000538,112.247.174.48,false,MY
IP000539,14.165.156.4,false,NO
IP000540,133.70.127.78,true,DZ
IP000541,5.56.176.134,false,IT
IP000542,69.14.176.113,false,SE
IP000543,212.248.217.118,true,SO
IP000544,36.59.58.199,false,KR
IP000545,143.69.213.196,true,BG
IP000546,118.243.165.17,true,CI
IP000547,17.194.203.98,false,KR
IP000548,139.61.200.80,true,CL
IP000549,72.200.19.253,true,ME
IP000550,95.197.58.190,true,LY
IP000551,12.37.224.37,true,DM
IP000552,49.51.111.247,false,ES
IP000553,208.240.124.135,true,LT
IP000554,164.90.8.83,true,SL
IP000555,68.238.183.36,false,SB
IP000556,27.134.34.140,true,BG
IP000557,10.171.139.211,true,MN
IP000558,105.165.127.158,false,TO
IP000559,135.97.160.50,true,GT
IP000560,176.21.10.142,false,BD
IP000561,208.100.169.247,true,HN
IP000562,87.75.100.19,true,MV
IP000563,213.186.12.69,false,AZ
IP000564,7.90.222.75,true,GR
IP000565,58.163.242.178,false,WS
IP000566,36.252.26.8,true,TO
IP000567,35.94.251.1,true,EE
IP000568,112.188.31.158,false,MZ
IP000569,93.196.26.89,false,JM
IP000570,185.241.60.118,true,LR
IP000571,93.59.84.81,false,AG
IP000572,50.169.126.116,true,TM
IP000573,163.225.159.193,false,PL
IP000574,63.147.56.167,false,FJ
IP000575,183.216.20.80,false,CZ
IP000576,90.62.8.24,false,AR
IP000577,117.138.243.147,false,ZW
IP000578,170.9.211.57,false,LT
IP000579,88.20.227.6,true,LK
IP000580,179.83.140.229,false,GA
IP000581,11.207.136.210,false,NL
IP000582,17.234.169.18,true,CV
IP000583,178.250.19.2,true,BD
IP000584,221.55.194.231,false,ME
IP000585,222.171.176.41,false,AE
IP000586,70.29.239.1,false,SD
IP000587,89.61.13.53,true,BO
IP000588,131.252.113.71,true,NZ
IP000589,136.93.134.76,true,GW
IP000590,52.41.27.33,false,MX
IP000591,148.225.78.70,false,LB
IP000592,23.121.190.64,true,BO
IP000593,205.22.193.206,false,TV
IP000594,70.195.24.186,true,DM
IP000595,26.12.143.139,false,NE
IP000596,86.238.46.114,false,GE
IP000597,30.211.188.60,true,IN
IP000598,169.23.37.210,false,DJ
IP000599,164.222.16.135,true,MA
IP000600,130.148.195.126,false,GM
IP000601,174.159.82.72,false,CY
IP000602,79.226.209.12,false,MK
IP000603,35.34.1.197,true,GD
IP000604,43.32.166.39,false,AT
IP000605,201.207.13.210,true,TH
IP000606,183.254.202.243,true,BY
IP000607,20.121.47.67,false,CM
IP000608,78.57.248.6,false,CO
IP000609,99.52.100.60,true,MR
IP000610,133.96.230.230,true,TV
IP000611,132.204.151.12,true,AO
IP000612,198.178.159.196,true,KH
IP000613,20.31.15.116,false,BW
IP000614,218.156.14.134,true,CM
IP000615,93.128.240.219,false,BE
IP000616,110.238.53.96,false,RS
IP000617,33.227.9.179,true,MU
IP000618,139.15.69.248,false,MH
IP000619,100.23.244.145,true,IS
IP000620,126.76.25.106,false,AU
IP000621,143.186.240.18,false,KH
IP000622,58.94.20.136,true,SY
IP000623,18.206.157.108,true,IT
IP000624,58.212.190.79,true,FR
IP000625,143.242.9.107,false,ZM
IP000626,199.9.255.213,true,MU
IP000627,187.125.216.174,true,QA
IP000628,7.224.159.163,false,LY
IP000629,218.74.149.90,true,MW
IP000630,124.26.176.64,false,LB
IP000631,129.224.27.156,false,IT
IP000632,94.48.19.182,true,SM
IP000633,46.229.147.29,false,DJ
IP000634,79.111.12.36,true,IQ
IP000635,8.229.0.120,false,GN
IP000636,152.219.234.36,true,MH
IP000637,205.99.195.34,false,EE
IP000638,117.22.139.191,false,LK
IP000639,129.206.34.233,false,MA
IP000640,137.24.52.52,false,TM
IP000641,201.248.10.72,true,SR
IP000642,63.99.79.119,true,AZ
IP000643,78.227.77.17,false,UY
IP000644,119.165.215.200,false,AD
IP000645,44.228.202.219,true,CO
IP000646,43.91.128.164,true,LI
IP000647,73.116.29.24,true,TZ
IP000648,137.16.214.86,true,CG
IP000649,171.117.165.175,false,BN
IP000650,57.81.112.12,true,TZ
IP000651,83.80.30.202,true,LI
IP000652,74.20.139.40,true,ES
IP000653,201.242.228.143,true,CF
IP000654,54.214.58.210,false,GR
IP000655,139.56.246.8,false,MT
IP000656,50.217.94.243,false,CN
IP000657,104.7.93.61,false,ME
IP000658,201.144.255.246,true,TN
IP000659,84.93.170.116,true,VA
IP000660,113.170.111.124,true,SB
IP000661,68.250.200.178,false,GW
IP000662,52.114.254.121,false,DM
IP000663,133.173.175.216,true,KN
IP000664,149.124.235.84,true,PE
IP000665,77.107.119.162,false,HU
IP000666,150.110.72.139,true,IE
IP000667,160.5.63.100,false,BE
IP000668,58.219.153.49,false,DM
IP000669,223.199.83.224,true,MT
IP000670,56.5.177.208,false,BZ
IP000671,173.205.254.81,true,DK
IP000672,17.17.183.176,false,KE
IP000673,80.182.80.251,false,CA
IP000674,74.227.0.239,true,MT
IP000675,105.51.53.188,false,SY
IP000676,204.190.173.171,false,LU
IP000677,158.229.40.211,true,MA
IP000678,74.143.80.99,false,UZ
IP000679,213.6.254.131,false,BF
IP000680,77.39.189.42,true,ET
IP000681,48.250.25.18,false,HR
IP000682,126.121.159.237,true,BY
IP000683,95.107.178.82,false,DE
IP000684,64.62.131.173,false,NP
IP000685,94.189.179.80,false,FR
IP000686,77.62.183.184,false,DO
IP000687,133.62.112.229,true,PY
IP000688,171.59.192.254,false,MY
IP000689,24.122.234.130,true,BW
IP000690,152.205.62.138,false,ER
IP000691,56.105.153.17,false,MN
IP000692,96.91.96.30,true,IN
IP000693,24.109.199.137,false,GR
IP000694,172.126.60.200,false,CZ
IP000695,179.24.48.26,true,BS
IP000696,154.126.193.216,false,TW
IP000697,131.231.40.94,false,MW
IP000698,166.178.183.139,true,SO
IP000699,158.99.133.215,true,TO
IP000700,223.61.138.103,false,KG
IP000701,66.56.253.220,false,SC
IP000702,137.111.200.79,false,CL
IP000703,201.203.209.18,true,EC
IP000704,200.171.45.62,true,GH
IP000705,162.4.219.157,true,BB
IP000706,59.221.123.162,false,FR
IP000707,198.165.219.89,false,UG
IP000708,120.137.61.144,false,BT
IP000709,57.110.67.165,true,TG
IP000710,49.173.70.55,false,SK
IP000711,16.101.72.195,false,ME
IP000712,154.218.160.24,false,CG
IP000713,41.124.26.194,true,TN
IP000714,134.105.190.3,true,CD
IP000715,1.51.181.4,true,JO
IP000716,219.0.249.238,false,NG
IP000717,123.226.122.71,true,TO
IP000718,130.101.214.104,false,EC
IP000719,124.147.78.29,true,VN
IP000720,153.181.199.101,false,AZ
IP000721,53.55.50.233,true,FM
IP000722,119.154.126.99,true,IQ
IP000723,208.165.191.115,false,LU
IP000724,164.217.80.39,false,KR
IP000725,126.251.181.131,false,MC
IP000726,142.150.218.177,true,CR
IP000727,60.91.236.157,true,LI
IP000728,123.85.140.240,true,UY
IP000729,140.7.35.108,true,PA
IP000730,101.208.120.162,false,SZ
IP000731,27.247.18.137,false,BG
IP000732,10.139.38.177,false,BI
IP000733,57.209.15.238,false,CR
IP000734,176.237.36.176,true,EC
IP000735,97.155.22.163,true,BG
IP000736,119.77.157.31,false,BE
IP000737,214.95.27.117,true,IS
IP000738,61.181.193.88,true,SD
IP000739,39.237.136.107,false,KZ
IP000740,87.214.126.211,false,RW
IP000741,139.93.135.254,true,PY
IP000742,150.98.119.91,false,LY
IP000743,108.35.120.150,false,AE
IP000744,172.185.31.102,false,JM
IP000745,67.45.123.151,true,DK
IP000746,169.155.110.202,false,GN
IP000747,141.59.20.153,false,IQ
IP000748,129.72.137.174,false,KZ
IP000749,72.119.213.130,false,KH
IP000750,104.34.170.221,true,GR
IP000751,122.113.148.218,true,LC
IP000752,195.25.252.214,true,NO
IP000753,219.40.160.48,false,PK
IP000754,123.187.204.43,true,KI
IP000755,153.106.242.127,false,TV
IP000756,87.243.97.103,false,TJ
IP000757,146.23.96.199,false,KG
IP000758,158.212.205.103,true,BI
IP000759,49.177.230.205,true,DZ
IP000760,49.184.123.144,true,IL
IP000761,147.31.100.196,false,ET
IP000762,107.216.70.252,true,BG
IP000763,166.119.47.233,false,HR
IP000764,40.244.154.227,false,WS
IP000765,95.212.244.209,false,KE
IP000766,123.89.56.247,false,NA
IP000767,34.66.170.164,true,TV
IP000768,140.39.145.238,false,LV
IP000769,183.29.153.105,false,LA
IP000770,15.156.156.131,false,SV
IP000771,51.54.100.89,false,DO
IP000772,170.185.123.173,false,KE
IP000773,72.48.60.157,true,SZ
IP000774,121.118.236.138,true,KZ
IP000775,210.219.139.77,false,GN
IP000776,51.167.72.250,true,NL
IP000777,165.77.19.50,false,MR
IP000778,122.90.55.121,false,PL
IP000779,168.240.234.43,false,BF
IP000780,210.71.102.57,true,PW
IP000781,211.213.136.59,false,KZ
IP000782,51.24.66.186,false,NG
IP000783,73.166.90.170,false,CU
IP000784,199.175.114.109,false,NE
IP000785,197.212.141.155,false,CV
IP000786,43.138.247.27,false,BR
IP000787,21.168.139.95,false,KW
IP000788,128.77.57.218,true,PG
IP000789,124.172.166.252,true,TR
IP000790,191.170.157.144,false,BT
IP000791,91.193.237.131,false,ZW
IP000792,29.186.147.146,true,QA
IP000793,34.106.23.113,false,SN
IP000794,103.126.14.75,true,AL
IP000795,214.25.52.87,true,AM
IP000796,143.236.183.209,true,GR
IP000797,150.9.211.160,true,KR
IP000798,88.140.23.73,false,SC
IP000799,138.176.117.114,false,BI
IP000800,174.98.183.220,false,JP
IP000801,26.207.139.168,false,NZ
IP000802,212.72.0.199,true,LV
IP000803,198.253.124.89,false,MK
IP000804,181.70.185.198,false,NA
IP000805,78.91.71.254,false,ZA
IP000806,196.216.66.64,true,ES
IP000807,74.208.165.101,true,CM
IP000808,34.100.41.145,false,MT
IP000809,216.47.108.198,true,SN
IP000810,131.17.200.97,false,HR
IP000811,65.67.114.255,true,BE
IP000812,154.172.115.109,false,PA
IP000813,48.44.221.62,false,PY
IP000814,141.38.212.34,true,MD
IP000815,128.152.114.30,false,KI
IP000816,38.118.116.45,false,HR
IP000817,10.49.210.96,false,NL
IP000818,172.214.221.70,false,SE
IP000819,179.196.123.73,true,JM
IP000820,70.205.6.77,false,SB
IP000821,102.204.139.26,true,IN
IP000822,173.157.6.213,true,MK
IP000823,146.231.8.189,true,DK
IP000824,95.196.70.141,false,GE
IP000825,158.195.50.182,true,LS
IP000826,112.52.56.182,true,SV
IP000827,71.17.76.213,false,TO
IP000828,137.139.149.86,true,BW
IP000829,178.102.203.129,false,RS
IP000830,184.48.68.161,false,BA
IP000831,116.188.129.193,false,IN
IP000832,19.49.162.116,true,EC
IP000833,217.76.83.139,true,ML
IP000834,165.0.217.42,true,NP
IP000835,179.10.58.57,false,PS
IP000836,208.79.60.85,false,CU
IP000837,138.233.172.86,false,LS
IP000838,60.3.131.191,true,VU
IP000839,120.190.93.66,false,MR
IP000840,162.237.8.125,true,CI
IP000841,61.55.238.15,false,IR
IP000842,175.211.114.30,false,NL
IP000843,138.172.128.176,true,CG
IP000844,67.192.220.205,true,DJ
IP000845,94.228.37.11,true,TN
IP000846,139.153.197.225,true,VA
IP000847,54.243.72.219,false,VA
IP000848,72.92.168.42,false,RO
IP000849,211.157.47.14,true,NG
IP000850,18.6.217.80,true,IL
IP000851,128.202.130.120,false,MA
IP000852,215.42.226.104,false,SV
IP000853,211.12.57.62,true,NR
IP000854,143.232.175.120,false,RO
IP000855,56.161.209.137,false,CZ
IP000856,170.55.224.46,false,AG
IP000857,138.11.25.28,true,SD
IP000858,168.253.222.19,false,DM
IP000859,95.119.41.4,false,LI
IP000860,116.115.84.228,false,BE
IP000861,14.14.230.75,false,NA
IP000862,161.66.227.223,false,PK
IP000863,30.86.210.217,false,BT
IP000864,222.78.97.207,true,KW
IP000865,95.212.247.2,false,CH
IP000866,134.145.181.77,true,NA
IP000867,32.2.199.215,true,BW
IP000868,164.223.162.27,true,SE
IP000869,3.211.40.43,true,LV
IP000870,35.121.62.189,false,GR
IP000871,171.83.240.161,false,TJ
IP000872,191.35.233.62,true,VC
IP000873,156.246.74.179,true,CI
IP000874,78.49.26.206,false,AD
IP000875,50.175.219.215,true,SY
IP000876,9.179.126.241,false,BD
IP000877,223.193.236.22,true,CU
IP000878,175.70.16.74,true,CD
IP000879,121.145.63.70,false,ET
IP000880,89.37.55.87,false,GM
IP000881,22.25.56.163,true,VC
IP000882,58.134.174.167,true,BD
IP000883,211.241.105.94,false,PG
IP000884,20.78.240.44,false,SB
IP000885,67.27.204.20,true,TG
IP000886,207.221.11.110,false,SE
IP000887,181.171.164.114,false,MD
IP000888,136.55.104.63,false,CA
IP000889,52.153.22.150,true,SD
IP000890,221.101.179.153,true,UZ
IP000891,215.241.146.122,false,IS
IP000892,53.241.102.11,true,KE
IP000893,20.68.149.0,false,CU
IP000894,51.33.100.140,false,ME
IP000895,6.130.227.169,true,LC
IP000896,182.244.120.97,false,FR
IP000897,101.148.198.213,false,LA
IP000898,40.125.177.143,true,KN
IP000899,139.97.72.132,true,SC
IP000900,6.148.60.178,false,KN
IP000901,86.139.16.111,true,TJ
IP000902,29.91.250.173,false,GQ
IP000903,185.38.82.109,true,NO
IP000904,161.180.26.97,true,AR
IP000905,35.101.106.189,true,SV
IP000906,81.22.44.1,true,GB
IP000907,164.149.250.47,false,KZ
IP000908,112.254.22.33,true,FM
IP000909,163.67.150.114,true,GB
IP000910,6.222.148.229,false,PG
IP000911,78.91.13.94,false,CH
IP000912,152.227.132.226,false,GW
IP000913,12.154.42.253,true,MD
IP000914,152.107.217.143,true,MW
IP000915,52.2.133.211,false,TG
IP000916,80.21.249.28,false,FR
IP000917,156.91.40.124,false,GR
IP000918,219.196.137.4,false,TW
IP000919,140.146.243.15,true,RS
IP000920,195.45.60.236,false,PE
IP000921,105.49.6.102,false,ER
IP000922,203.79.70.252,false,MT
IP000923,81.220.249.154,false,TH
IP000924,121.73.149.16,false,TV
IP000925,170.5.199.214,true,LS
IP000926,20.244.43.20,false,BB
IP000927,109.41.126.26,false,UG
IP000928,83.70.30.221,false,RW
IP000929,165.186.183.244,false,BN
IP000930,165.21.243.82,false,SL
IP000931,114.241.32.185,true,SK
IP000932,74.51.32.74,true,NI
IP000933,7.58.50.186,false,BW
IP000934,45.167.150.190,true,HR
IP000935,55.23.79.198,true,KE
IP000936,119.153.3.217,false,TJ
IP000937,172.18.7.172,true,CI
IP000938,156.133.207.232,false,GY
IP000939,215.205.110.159,false,BB
IP000940,148.138.59.99,false,MU
IP000941,211.160.194.147,true,MV
IP000942,122.67.59.217,false,AR
IP000943,219.255.168.2,false,SG
IP000944,167.33.0.69,false,RU
IP000945,76.82.31.126,false,LI
IP000946,9.137.9.156,false,DM
IP000947,194.7.129.171,true,YE
IP000948,77.164.169.76,true,LA
IP000949,38.166.188.167,true,GA
IP000950,7.123.93.239,true,KH
IP000951,161.39.103.209,false,AE
IP000952,129.133.43.16,false,PK
IP000953,177.54.93.92,true,BT
IP000954,75.100.57.59,false,ID
IP000955,2.233.27.239,false,IL
IP000956,60.223.62.45,true,ZM
IP000957,52.63.247.153,true,AM
IP000958,39.146.82.84,false,SN
IP000959,68.12.21.173,true,TW
IP000960,177.116.223.193,true,ME
IP000961,168.183.36.120,true,SC
IP000962,83.73.84.122,true,UZ
IP000963,92.2.226.208,true,MU
IP000964,33.248.240.230,false,PY
IP000965,107.132.145.236,true,CR
IP000966,185.112.118.174,false,ZW
IP000967,87.225.94.200,false,AG
IP000968,5.33.136.159,true,CM
IP000969,89.56.162.112,true,SO
IP000970,4.174.86.253,false,KP
IP000971,101.176.13.82,true,GH
IP000972,41.29.252.17,true,DK
IP000973,98.5.157.123,true,FI
IP000974,67.123.25.19,false,GB
IP000975,207.176.171.207,false,KH
IP000976,6.83.65.180,false,SV
IP000977,70.72.242.191,true,FJ
IP000978,191.151.16.84,true,LS
IP000979,47.2.150.19,false,BZ
IP000980,36.119.191.175,false,FI
IP000981,60.215.98.60,true,LS
IP000982,147.144.47.238,false,MD
IP000983,151.83.220.65,false,KW
IP000984,202.86.87.235,true,AF
IP000985,46.45.122.38,true,LC
IP000986,189.244.186.118,false,IS
IP000987,170.137.135.119,false,GD
IP000988,191.91.200.108,true,PL
IP000989,25.198.108.200,true,RU
IP000990,5.103.250.47,false,KH
IP000991,145.245.156.143,false,CU
IP000992,214.73.43.159,false,IN
IP000993,178.114.97.58,true,ZA
IP000994,65.49.61.26,true,SD
IP000995,153.237.185.25,false,UA
IP000996,100.137.98.78,false,TG
IP000997,123.198.222.111,false,TD
IP000998,187.180.201.71,true,MX
IP000999,116.167.238.188,true,CR
IP001000,18.229.209.141,true,MY
IP001001,32.173.136.186,true,HR
IP001002,114.167.75.144,true,TW
IP001003,15.35.184.13,true,DJ
IP001004,106.86.212.209,true,LK
IP001005,187.123.64.202,true,BB
IP001006,119.205.97.218,false,HT
IP001007,87.164.211.120,false,HT
IP001008,77.59.201.84,false,SI
IP001009,219.143.95.7,true,MW
IP001010,30.140.112.107,true,BD
IP001011,84.189.148.199,false,CA
IP001012,145.128.242.123,false,SZ
IP001013,121.100.11.95,false,MT
IP001014,151.97.5.184,true,TZ
IP001015,132.251.74.2,true,SI
IP001016,121.200.127.103,true,SI
IP001017,54.21.2.118,false,RU
IP001018,160.27.6.44,false,SC
IP001019,222.19.166.113,true,DM
IP001020,116.126.50.28,false,GH
IP001021,106.132.137.36,false,ML
IP001022,135.146.184.233,false,HR
IP001023,117.72.153.195,false,WS
IP001024,94.164.230.46,true,QA
IP001025,101.82.142.222,true,KH
IP001026,172.45.248.48,false,HN
IP001027,74.79.240.153,true,CR
IP001028,130.130.26.98,true,TO
IP001029,106.169.85.144,false,IL
IP001030,220.249.127.135,false,US
IP001031,194.19.17.33,false,WS
IP001032,185.18.15.109,true,BS
IP001033,119.138.232.213,true,RO
IP001034,110.146.128.67,true,US
IP001035,75.163.253.106,false,VU
IP001036,144.237.232.59,false,DM
IP001037,186.247.41.191,true,PH
IP001038,132.103.236.15,true,GT
IP001039,40.118.46.90,true,CD
IP001040,90.221.235.231,false,CZ
IP001041,139.90.226.147,false,PY
IP001042,209.63.201.155,false,SN
IP001043,9.225.88.226,false,BW
IP001044,20.43.167.99,true,UY
IP001045,4.2.117.64,true,GD
IP001046,154.236.124.175,false,MN
IP001047,221.186.2.126,true,GT
IP001048,207.219.99.137,true,MU
IP001049,38.64.254.108,false,NO
IP001050,94.137.123.96,false,HT
IP001051,210.174.162.53,true,JM
IP001052,154.39.68.129,false,IE
IP001053,96.14.145.211,false,TR
IP001054,8.29.119.131,false,MT
IP001055,148.55.187.208,false,NE
IP001056,41.231.228.106,false,NP
IP001057,144.59.132.199,true,IL
IP001058,169.219.27.161,false,TM
IP001059,49.162.200.171,false,KZ
IP001060,45.9.81.39,true,NG
IP001061,7.220.24.14,false,EE
IP001062,62.245.237.47,false,ID
IP001063,197.96.158.240,true,MA
IP001064,40.214.29.87,false,KM
IP001065,78.180.146.178,false,PE
IP001066,181.45.108.247,true,BZ
IP001067,100.51.69.148,true,LU
IP001068,160.213.53.81,true,DK
IP001069,32.86.174.135,true,BW
IP001070,175.197.250.55,false,US
IP001071,18.12.242.118,false,IN
IP001072,113.71.215.191,true,UZ
IP001073,88.152.204.31,false,MZ
IP001074,146.85.131.13,false,LC
IP001075,203.17.214.188,false,EC
IP001076,156.24.30.58,true,AG
IP001077,103.36.222.228,false,FI
IP001078,78.211.178.125,true,VE
IP001079,104.147.180.215,true,ML
IP001080,112.1.45.57,false,DJ
IP001081,81.168.243.28,true,MZ
IP001082,57.74.6.92,false,NA
IP001083,128.251.195.221,false,LK
IP001084,133.197.71.0,false,SY
IP001085,54.71.49.73,true,LY
IP001086,203.49.178.77,false,GR
IP001087,140.115.25.206,true,PH
IP001088,204.9.134.179,true,IL
IP001089,105.180.20.153,true,TJ
IP001090,82.213.5.156,false,LV
IP001091,201.7.224.198,true,SO
IP001092,164.0.148.92,true,MD
IP001093,28.17.10.170,true,TM
IP001094,23.200.228.255,false,TW
IP001095,61.93.197.204,false,KZ
IP001096,16.224.14.147,true,RO
IP001097,68.82.207.30,false,MU
IP001098,142.26.190.119,false,GD
IP001099,148.52.238.128,false,NG
IP001100,202.4.250.112,false,ME
IP001101,173.252.110.124,false,JO
IP001102,85.227.54.29,false,BO
IP001103,2.182.196.247,false,PY
IP001104,45.252.252.202,false,TO
IP001105,121.133.118.137,false,SB
IP001106,183.131.251.254,true,LK
IP001107,116.63.25.181,false,GA
IP001108,115.254.192.163,true,VN
IP001109,38.211.255.87,true,CL
IP001110,223.195.233.24,false,VE
IP001111,66.180.112.99,false,RO
IP001112,52.47.202.101,true,SA
IP001113,216.202.156.239,true,RW
IP001114,98.61.252.109,false,MY
IP001115,114.13.75.161,false,BF
IP001116,14.197.84.15,false,QA
IP001117,204.66.176.52,false,SC
IP001118,43.47.237.218,true,PK
IP001119,193.235.142.95,false,KW
IP001120,128.193.168.150,false,GQ
IP001121,101.51.149.56,false,LR
IP001122,48.158.239.254,false,ER
IP001123,5.229.169.54,false,IQ
IP001124,26.250.165.111,false,MM
IP001125,99.100.60.42,true,GE
IP001126,55.211.235.196,false,MM
IP001127,169.163.202.230,true,PG
IP001128,106.25.37.97,true,TR
IP001129,134.100.68.15,false,WS
IP001130,124.241.118.233,false,TH
IP001131,28.48.50.91,true,FJ
IP001132,106.100.140.129,true,PY
IP001133,162.211.98.38,false,NL
IP001134,13.13.56.2,true,RU
IP001135,35.13.171.83,true,MY
IP001136,74.116.49.132,true,BH
IP001137,116.17.146.15,true,PY
IP001138,170.98.156.246,false,PG
IP001139,184.80.7.84,true,ML
IP001140,48.126.102.82,false,LY
IP001141,71.194.90.231,false,MG
IP001142,214.93.221.103,true,TR
IP001143,139.43.164.232,true,JM
IP001144,63.51.24.247,false,LK
IP001145,18.130.80.127,false,MU
IP001146,157.174.29.52,false,ZM
IP001147,202.85.204.117,false,DZ
IP001148,165.101.241.73,false,NL
IP001149,153.231.203.208,false,BN
IP001150,85.253.245.199,true,GT
IP001151,50.165.149.30,true,KN
IP001152,123.41.228.123,false,IR
IP001153,219.159.11.221,true,AE
IP001154,156.209.135.129,false,NG
IP001155,104.94.159.64,true,CN
IP001156,184.13.126.5,true,CH
IP001157,133.31.199.217,true,GE
IP001158,105.165.237.25,true,BY
IP001159,94.72.173.16,true,SY
IP001160,89.104.167.50,false,SL
IP001161,178.169.254.111,true,CA
IP001162,121.62.0.124,false,BS
IP001163,152.243.61.129,false,KR
IP001164,116.139.251.96,false,PA
IP001165,136.102.216.27,true,SL
IP001166,170.29.65.203,false,AU
IP001167,148.208.25.44,true,PY
IP001168,24.183.158.119,false,SY
IP001169,21.170.72.190,false,UA
IP001170,155.214.171.84,false,SL
IP001171,147.209.125.189,false,LY
IP001172,23.68.162.223,false,BT
IP001173,27.180.127.57,false,NG
IP001174,122.109.183.163,true,AG
IP001175,72.185.37.138,false,LY
IP001176,32.136.68.121,false,FM
IP001177,223.68.34.42,false,KG
IP001178,91.140.64.141,false,JP
IP001179,128.118.66.109,false,SY
IP001180,58.89.225.97,true,TJ
IP001181,23.255.38.38,false,DK
IP001182,188.120.156.237,false,MT
IP001183,113.68.113.108,true,NO
IP001184,145.102.60.242,false,JM
IP001185,145.52.97.73,false,NG
IP001186,96.140.54.212,false,EG
IP001187,71.16.20.17,false,DZ
IP001188,30.125.17.182,false,IR
IP001189,159.124.220.222,true,ET
IP001190,41.188.208.114,true,BE
IP001191,194.22.169.122,false,ER
IP001192,195.32.226.162,false,IQ
IP001193,92.15.4.161,true,ZA
IP001194,69.197.201.149,false,CZ
IP001195,77.230.104.221,false,LV
IP001196,63.229.183.77,false,MR
IP001197,17.3.253.144,false,LS
IP001198,73.89.128.197,true,BG
IP001199,123.35.174.7,true,BN
IP001200,5.115.236.169,false,FI
IP001201,216.0.166.167,true,MU
IP001202,172.249.198.250,false,LC
IP001203,119.22.94.54,false,HU
IP001204,177.18.132.46,false,FJ
IP001205,19.1.185.10,false,SK
IP001206,141.87.50.167,false,PY
IP001207,51.249.153.141,false,LI
IP001208,104.172.203.35,true,CH
IP001209,204.250.37.84,true,ID
IP001210,25.143.224.119,true,FJ
IP001211,35.85.102.217,false,TL
IP001212,113.206.142.18,false,GW
IP001213,148.196.212.56,true,AL
IP001214,108.106.231.224,true,TV
IP001215,79.142.198.144,false,AG
IP001216,195.230.173.91,true,FM
IP001217,151.196.254.230,false,BT
IP001218,119.255.171.73,true,BW
IP001219,149.168.181.39,true,PS
IP001220,131.211.91.16,true,MK
IP001221,134.223.129.64,false,CN
IP001222,26.34.186.253,false,TH
IP001223,165.142.157.10,true,OM
IP001224,176.174.236.33,false,FM
IP001225,40.159.115.179,false,ID
IP001226,223.135.152.87,true,MA
IP001227,25.110.77.79,false,SR
IP001228,140.37.73.136,false,TN
IP001229,98.200.4.107,false,LI
IP001230,184.207.117.60,false,US
IP001231,213.33.136.130,true,BJ
IP001232,15.48.173.125,false,KE
IP001233,165.223.177.146,false,PH
IP001234,88.66.63.243,false,ES
IP001235,96.38.86.152,true,VN
IP001236,215.164.35.181,false,LI
IP001237,188.102.83.50,false,ET
IP001238,15.245.246.26,true,TG
IP001239,108.135.178.93,false,LI
IP001240,52.156.10.202,true,CG
IP001241,68.68.123.138,true,BD
IP001242,173.9.199.23,false,EE
IP001243,214.119.110.112,false,CD
IP001244,19.40.253.72,false,AU
IP001245,152.222.205.146,false,KM
IP001246,24.48.166.1,true,BE
IP001247,36.137.50.244,false,AL
IP001248,205.171.126.224,false,TD
IP001249,18.143.1.147,true,PT
IP001250,160.248.160.194,true,ML
IP001251,3.169.239.162,false,MN
IP001252,160.238.204.1,false,VE
IP001253,120.83.65.245,true,ES
IP001254,83.115.44.23,false,BO
IP001255,204.198.230.117,true,BZ
IP001256,188.84.161.221,false,ET
IP001257,97.253.119.120,true,TN
IP001258,139.115.16.37,false,TH
IP001259,189.73.49.52,false,AE
IP001260,86.232.223.45,false,GQ
IP001261,29.170.153.43,true,CA
IP001262,106.226.231.122,false,SY
IP001263,53.153.207.146,true,KM
IP001264,111.22.147.237,false,MH
IP001265,218.99.145.2,false,MR
IP001266,59.142.193.65,false,RS
IP001267,47.103.255.150,false,TM
IP001268,7.0.33.17,false,SY
IP001269,216.33.127.133,false,ML
IP001270,203.242.143.88,false,MY
IP001271,66.55.234.190,false,JM
IP001272,136.165.62.130,false,KI
IP001273,78.51.100.72,false,GH
IP001274,169.255.11.28,true,FM
IP001275,173.60.219.27,false,BY
IP001276,86.195.16.92,false,DE
IP001277,87.126.73.62,true,TV
IP001278,116.25.147.34,false,KG
IP001279,89.150.75.96,false,TN
IP001280,210.120.111.107,true,RS
IP001281,62.225.210.210,false,EC
IP001282,19.13.56.234,false,UG
IP001283,130.100.75.209,true,ES
IP001284,166.26.208.24,false,BR
IP001285,186.179.81.234,false,MG
IP001286,221.229.210.87,false,NI
IP001287,204.246.221.243,false,GT
IP001288,176.93.171.162,false,ZW
IP001289,188.61.85.76,false,BF
IP001290,34.162.186.229,false,LB
IP001291,5.50.87.2,false,LR
IP001292,11.136.98.159,false,DE
IP001293,89.36.253.123,true,PE
IP001294,178.225.245.166,false,GN
IP001295,28.158.74.5,true,CY
IP001296,69.72.107.77,true,PY
IP001297,131.39.233.185,false,SY
IP001298,37.113.239.32,false,MZ
IP001299,10.22.4.70,false,CR
IP001300,22.86.231.176,false,RU
IP001301,44.140.228.20,false,TJ
IP001302,143.194.125.233,false,HN
IP001303,91.134.50.108,true,LI
IP001304,133.187.235.55,false,CG
IP001305,155.27.74.10,false,MM
IP001306,52.134.250.48,false,LY
IP001307,129.140.154.205,false,KP
IP001308,109.152.112.56,false,VE
IP001309,175.137.165.115,true,VU
IP001310,104.183.209.133,true,HT
IP001311,103.126.202.224,false,DE
IP001312,178.190.253.236,false,CG
IP001313,183.199.13.60,false,VN
IP001314,217.52.183.93,true,AL
IP001315,39.31.45.187,true,KP
IP001316,16.186.90.64,false,LS
IP001317,101.108.122.235,false,GA
IP001318,6.17.187.73,false,SY
IP001319,20.133.235.5,false,MD
IP001320,129.45.71.4,false,MT
IP001321,130.200.104.194,true,IE
IP001322,108.139.81.200,true,FR
IP001323,164.87.43.56,false,BF
IP001324,16.68.70.11,false,BJ
IP001325,49.93.38.50,false,HR
IP001326,169.92.55.82,false,CD
IP001327,88.188.203.235,true,HT
IP001328,192.102.95.232,false,KW
IP001329,18.209.16.184,false,ER
IP001330,103.212.250.89,false,TJ
IP001331,208.176.8.146,false,BB
IP001332,116.224.251.174,true,LT
IP001333,21.6.47.225,false,AM
IP001334,54.133.190.118,true,MH
IP001335,143.29.250.146,false,SC
IP001336,124.63.127.120,false,YE
IP001337,123.24.236.228,false,AT
IP001338,206.61.214.69,false,GR
IP001339,110.73.25.130,true,KM
IP001340,88.118.20.217,false,SK
IP001341,203.186.56.184,true,NI
IP001342,114.113.169.25,false,NP
IP001343,195.81.48.4,false,PE
IP001344,5.167.112.91,false,TD
IP001345,76.242.166.154,false,CU
IP001346,40.167.250.22,false,NR
IP001347,198.165.40.181,false,TD
IP001348,205.67.174.160,true,LB
IP001349,71.147.168.76,false,ER
IP001350,41.80.62.255,true,ZA
IP001351,84.101.96.0,false,NG
IP001352,203.205.168.56,false,PA
IP001353,184.194.240.44,false,CZ
IP001354,179.106.171.237,false,CO
IP001355,98.34.136.221,true,UZ
IP001356,1.118.58.3,false,UG
IP001357,112.106.215.146,true,MK
IP001358,94.128.166.155,false,CR
IP001359,15.128.14.39,false,LC
IP001360,139.198.69.69,false,MW
IP001361,20.102.129.23,true,DK
IP001362,96.66.1.145,false,NE
IP001363,176.122.255.44,false,IR
IP001364,200.227.229.64,true,CH
IP001365,140.251.57.172,false,TW
IP001366,102.181.83.252,false,OM
IP001367,223.173.156.184,true,FM
IP001368,61.72.106.134,true,HU
IP001369,17.86.164.15,false,UZ
IP001370,188.44.6.115,false,WS
IP001371,34.118.250.237,true,SK
IP001372,93.61.219.66,false,BB
IP001373,215.220.243.166,false,SI
IP001374,4.80.99.39,false,TH
IP001375,35.39.168.24,false,ET
IP001376,57.121.124.79,false,KI
IP001377,185.38.54.90,true,PL
IP001378,108.181.241.116,false,VA
IP001379,212.141.58.24,true,PL
IP001380,175.157.19.227,true,BW
IP001381,179.159.26.7,false,EG
IP001382,180.84.110.170,true,MX
IP001383,60.219.80.95,false,AR
IP001384,107.59.29.13,true,PH
IP001385,84.189.164.32,false,MD
IP001386,138.126.224.203,true,VC
IP001387,178.235.9.228,false,CI
IP001388,151.58.118.239,false,BS
IP001389,14.37.56.205,false,ZA
IP001390,162.142.242.244,true,MT
IP001391,4.89.235.110,true,DO
IP001392,212.205.136.255,false,DK
IP001393,213.185.70.203,false,LC
IP001394,83.183.74.138,true,KR
IP001395,190.71.191.89,false,JO
IP001396,135.134.1.27,true,CO
IP001397,203.128.231.136,false,VU
IP001398,176.100.1.137,false,PK
IP001399,31.244.224.144,false,ST
IP001400,167.229.61.112,false,GW
IP001401,119.156.132.44,true,PH
IP001402,37.20.248.95,false,US
IP001403,143.169.97.106,false,SY
IP001404,124.212.158.243,false,BE
IP001405,96.112.197.92,true,TD
IP001406,41.77.208.121,false,AU
IP001407,147.25.170.147,false,LS
IP001408,209.145.170.58,false,CD
IP001409,43.104.107.246,false,DK
IP001410,139.90.214.84,true,PH
IP001411,187.134.170.86,true,AZ
IP001412,83.39.164.14,false,LI
IP001413,56.64.138.213,true,BJ
IP001414,178.19.223.104,false,JP
IP001415,19.231.157.67,true,MD
IP001416,218.136.224.82,true,SL
IP001417,45.110.27.66,false,MC
IP001418,101.29.202.94,true,CD
IP001419,133.156.97.142,false,RO
IP001420,185.48.163.111,true,NP
IP001421,148.65.89.62,true,IL
IP001422,13.169.98.31,false,CO
IP001423,159.196.247.153,false,SK
IP001424,191.237.126.197,false,SA
IP001425,163.185.58.83,false,KN
IP001426,44.99.54.94,true,AD
IP001427,93.192.175.174,false,YE
IP001428,163.81.58.35,false,VE
IP001429,198.45.63.211,false,BD
IP001430,45.150.241.216,false,AG
IP001431,146.6.44.1,true,IE
IP001432,164.236.162.233,false,KG
IP001433,13.46.202.194,false,AF
IP001434,85.84.129.196,false,LV
IP001435,33.221.15.37,true,EC
IP001436,98.180.24.60,false,GQ
IP001437,31.47.27.144,false,AZ
IP001438,158.208.210.156,true,DE
IP001439,149.114.111.195,false,PL
IP001440,166.159.141.62,false,CH
IP001441,83.40.114.175,true,TM
IP001442,186.24.153.105,false,TH
IP001443,5.170.133.131,true,TR
IP001444,150.161.79.54,true,BI
IP001445,195.31.48.233,false,AT
IP001446,56.3.241.231,true,YE
IP001447,10.167.207.158,false,TO
IP001448,139.254.4.30,false,UG
IP001449,83.186.225.255,false,MA
IP001450,209.3.25.44,true,IR
IP001451,63.207.189.102,false,GW
IP001452,51.94.68.203,false,GM
IP001453,10.204.218.42,true,CG
IP001454,34.100.174.33,true,FR
IP001455,222.51.101.186,false,SD
IP001456,94.227.244.38,true,SC
IP001457,109.113.29.95,false,RO
IP001458,185.238.117.99,true,LR
IP001459,70.73.192.233,true,SI
IP001460,136.126.112.28,true,GA
IP001461,190.179.37.97,true,MW
IP001462,179.180.237.173,true,AF
IP001463,34.209.99.8,true,LA
IP001464,168.44.149.54,false,LT
IP001465,17.121.250.31,false,CA
IP001466,12.255.235.223,true,AO
IP001467,147.250.38.54,false,DZ
IP001468,218.68.166.233,false,FR
IP001469,98.54.148.8,false,SN
IP001470,60.59.61.6,false,SV
IP001471,73.142.120.133,false,DJ
IP001472,124.15.159.116,true,VU
IP001473,2.104.213.17,false,GA
IP001474,6.140.65.209,false,IR
IP001475,82.33.14.214,false,TO
IP001476,113.35.207.145,true,KR
IP001477,149.173.229.231,false,SR
IP001478,20.41.144.246,false,AT
IP001479,17.157.85.238,false,CD
IP001480,37.130.251.181,true,NP
IP001481,60.136.148.211,false,VE
IP001482,53.68.237.211,true,FJ
IP001483,178.131.114.19,false,TW
IP001484,180.55.170.189,true,BW
IP001485,167.126.14.224,false,BY
IP001486,30.228.135.84,false,PW
IP001487,115.148.169.127,true,CV
IP001488,216.65.247.221,true,MM
IP001489,53.36.23.222,true,LR
IP001490,16.247.236.125,true,BI
IP001491,27.63.0.209,false,QA
IP001492,21.119.52.204,true,JM
IP001493,180.19.156.148,true,SE
IP001494,70.216.200.23,false,LR
IP001495,2.72.160.76,true,KI
IP001496,14.105.190.137,false,UA
IP001497,47.152.162.96,false,SY
IP001498,111.183.206.124,false,MV
IP001499,77.83.198.19,false,MD
IP001500,155.220.213.206,false,TN
IP001501,163.199.73.193,false,EC
IP001502,132.252.56.207,true,SZ
IP001503,207.228.158.110,true,CI
IP001504,157.160.74.181,true,LR
IP001505,3.199.230.195,false,EE
IP001506,57.248.134.38,false,BJ
IP001507,152.64.19.255,true,LR
IP001508,17.247.169.144,true,BW
IP001509,114.57.0.193,false,TT
IP001510,208.1.130.148,true,TW
IP001511,106.99.48.196,true,PG
IP001512,14.61.94.117,true,VE
IP001513,140.133.205.73,false,GA
IP001514,148.67.35.18,false,KG
IP001515,147.125.191.211,false,NZ
IP001516,187.4.55.63,false,BT
IP001517,153.222.94.214,false,CN
IP001518,169.15.250.35,true,MN
IP001519,209.179.56.14,false,AD
IP001520,150.253.221.51,true,CG
IP001521,208.255.119.36,true,GW
IP001522,28.157.216.152,true,YE
IP001523,56.127.160.2,true,NA
IP001524,45.132.144.111,false,HR
IP001525,106.57.160.70,true,ET
IP001526,3.112.239.78,true,NI
IP001527,106.2.63.212,true,CR
IP001528,65.1.91.74,false,CV
IP001529,191.147.14.173,true,KM
IP001530,20.88.70.97,false,BS
IP001531,90.157.96.56,true,PH
IP001532,221.159.94.91,true,VU
IP001533,110.201.54.246,true,TG
IP001534,175.19.229.79,false,MH
IP001535,118.203.221.147,true,UY
IP001536,95.225.205.188,false,ES
IP001537,116.78.217.142,true,NG
IP001538,219.190.55.237,true,AU
IP001539,192.253.219.186,true,MA
IP001540,62.209.111.103,false,FM
IP001541,81.226.5.251,false,PT
IP001542,9.106.70.184,false,HN
IP001543,18.127.165.164,false,LA
IP001544,147.255.254.214,false,VA
IP001545,85.252.169.23,true,SN
IP001546,191.0.249.40,false,PH
IP001547,15.129.249.211,true,TO
IP001548,189.120.246.198,true,MH
IP001549,203.203.108.20,false,JP
IP001550,108.221.121.98,false,ZA
IP001551,164.42.198.109,false,BH
IP001552,138.210.49.185,false,TO
IP001553,82.172.21.166,false,LK
IP001554,146.91.48.14,false,RU
IP001555,68.235.79.171,true,IT
IP001556,122.63.110.54,true,IS
IP001557,208.116.89.221,true,SZ
IP001558,75.44.223.136,true,UA
IP001559,190.74.251.150,false,MN
IP001560,164.46.23.48,true,ME
IP001561,114.228.152.44,true,SM
IP001562,218.248.156.88,true,BS
IP001563,194.157.217.147,true,SA
IP001564,189.54.222.118,false,MV
IP001565,119.10.255.110,true,RS
IP001566,141.126.173.74,false,TR
IP001567,187.10.220.63,true,BF
IP001568,135.108.115.161,false,BF
IP001569,110.97.66.58,true,PY
IP001570,46.244.78.144,true,MU
IP001571,152.246.234.50,true,PY
IP001572,123.122.85.254,false,AL
IP001573,60.185.122.36,false,MU
IP001574,130.160.8.89,true,BY
IP001575,219.82.143.72,false,NR
IP001576,145.114.31.208,false,LT
IP001577,124.100.162.171,false,IE
IP001578,153.8.169.207,false,PL
IP001579,183.188.204.255,false,ES
IP001580,140.121.169.145,true,SK
IP001581,43.131.193.33,true,KW
IP001582,4.17.91.243,true,BJ
IP001583,70.64.178.78,false,SL
IP001584,92.138.81.42,false,MG
IP001585,116.136.98.116,false,ID
IP001586,96.48.137.223,false,VN
IP001587,77.224.116.193,false,US
IP001588,135.173.180.124,false,BT
IP001589,212.40.51.66,true,MT
IP001590,139.211.63.190,false,CG
IP001591,144.54.167.31,true,KE
IP001592,18.108.64.35,true,DZ
IP001593,24.216.34.84,true,NP
IP001594,148.178.167.59,true,IE
IP001595,105.47.23.139,true,IS
IP001596,188.63.227.179,true,MW
IP001597,35.216.0.60,true,IL
IP001598,202.135.130.38,false,EE
IP001599,31.188.47.80,false,FR
IP001600,139.107.152.176,false,KH
IP001601,20.154.154.180,true,SR
IP001602,182.253.5.174,false,VE
IP001603,156.66.223.234,true,VC
IP001604,120.71.101.38,false,BN
IP001605,80.9.197.69,false,PE
IP001606,95.218.86.229,true,CZ
IP001607,128.14.55.33,true,AZ
IP001608,145.13.75.155,true,CZ
IP001609,153.11.142.133,true,TR
IP001610,95.103.74.206,false,QA
IP001611,18.62.65.179,false,SR
IP001612,118.38.153.164,false,FM
IP001613,167.182.139.50,false,CM
IP001614,150.248.132.147,false,LT
IP001615,153.163.172.67,false,BG
IP001616,133.205.124.218,false,MM
IP001617,13.112.229.175,false,BR
IP001618,171.40.234.236,true,KH
IP001619,102.40.70.110,true,MV
IP001620,147.32.177.17,true,MC
IP001621,38.213.73.134,true,ZM
IP001622,159.34.223.199,true,BS
IP001623,222.3.246.125,true,LK
IP001624,96.73.28.47,false,FI
IP001625,79.67.87.35,false,RW
IP001626,51.177.220.220,true,SB
IP001627,15.48.92.210,false,AM
IP001628,67.150.101.106,false,LU
IP001629,160.175.94.74,false,NA
IP001630,93.85.240.163,false,GD
IP001631,212.196.58.101,true,SZ
IP001632,132.156.50.77,false,AZ
IP001633,191.165.6.132,true,TD
IP001634,66.238.106.61,false,HN
IP001635,136.90.186.243,false,AL
IP001636,104.204.160.192,true,KP
IP001637,172.199.65.39,false,PH
IP001638,132.23.225.170,true,CD
IP001639,78.29.220.60,false,BI
IP001640,166.209.195.29,false,LU
IP001641,166.110.160.148,false,LR
IP001642,72.202.1.71,false,LI
IP001643,173.180.178.228,false,BD
IP001644,149.120.228.165,true,BI
IP001645,73.10.6.22,false,TW
IP001646,55.172.227.189,true,TG
IP001647,107.229.247.226,false,TT
IP001648,70.101.223.139,false,ZM
IP001649,138.24.162.211,false,AM
IP001650,210.149.71.148,true,AF
IP001651,69.180.125.114,false,MA
IP001652,146.40.168.92,false,NI
IP001653,158.118.253.1,true,MD
IP001654,73.40.89.255,false,DZ
IP001655,125.205.58.172,false,NG
IP001656,114.202.243.210,false,VA
IP001657,139.133.32.175,false,VC
IP001658,9.104.136.232,true,YE
IP001659,174.104.219.108,false,MG
IP001660,47.20.181.162,true,FI
IP001661,70.31.175.41,false,VN
IP001662,46.8.158.195,true,PL
IP001663,182.168.211.150,false,IS
IP001664,71.54.34.120,true,CZ
IP001665,158.92.199.170,false,SB
IP001666,104.176.153.252,false,BF
IP001667,146.62.127.67,false,GE
IP001668,26.178.138.165,true,VE
IP001669,167.64.23.187,true,BD
IP001670,67.91.114.208,false,SO
IP001671,104.119.13.24,false,RU
IP001672,9.34.61.144,false,GW
IP001673,186.110.93.125,true,NL
IP001674,103.77.128.91,true,GT
IP001675,186.111.172.216,true,GT
IP001676,90.103.246.192,false,FR
IP001677,46.31.86.183,true,BN
IP001678,31.128.68.156,false,BF
IP001679,212.163.91.225,true,GM
IP001680,207.163.210.65,false,EE
IP001681,40.186.218.108,true,PK
IP001682,187.121.146.31,false,IR
IP001683,102.130.67.205,true,AU
IP001684,131.209.85.118,false,IT
IP001685,93.203.80.91,false,PK
IP001686,53.253.38.56,true,GN
IP001687,213.4.104.133,false,DZ
IP001688,200.174.3.145,false,TR
IP001689,194.235.55.20,false,BT
IP001690,63.79.69.178,false,GM
IP001691,157.157.232.89,true,IT
IP001692,91.102.41.5,true,LK
IP001693,215.238.60.53,false,LR
IP001694,23.29.244.119,true,UA
IP001695,200.5.51.14,true,NI
IP001696,192.98.144.82,true,PW
IP001697,177.19.107.105,true,NO
IP001698,15.171.22.83,false,MC
IP001699,175.158.153.148,false,SA
IP001700,112.50.226.115,true,MD
IP001701,182.249.232.190,false,CO
IP001702,47.76.204.89,true,KH
IP001703,198.32.130.127,false,QA
IP001704,138.90.250.64,false,MA
IP001705,16.199.254.195,true,PH
IP001706,20.111.155.106,false,MA
IP001707,55.180.248.3,false,YE
IP001708,16.11.43.197,false,YE
IP001709,85.78.85.138,false,SM
IP001710,91.65.251.130,false,GB
IP001711,124.212.30.49,true,LA
IP001712,85.124.5.128,false,LK
IP001713,206.233.115.220,false,BF
IP001714,87.101.215.55,true,PT
IP001715,151.101.132.131,true,MM
IP001716,105.18.116.203,true,TJ
IP001717,141.26.2.219,true,CU
IP001718,192.59.209.112,false,SR
IP001719,94.159.163.12,false,LK
IP001720,205.173.168.118,false,GB
IP001721,183.54.200.33,false,LI
IP001722,49.28.100.25,false,SC
IP001723,145.188.191.206,false,BF
IP001724,86.24.49.61,false,PG
IP001725,19.237.60.86,false,PW
IP001726,146.180.117.141,false,PG
IP001727,132.51.62.23,false,ET
IP001728,222.166.231.162,false,BT
IP001729,75.113.167.36,false,JO
IP001730,202.39.101.163,false,CD
IP001731,105.202.218.72,true,MC
IP001732,106.104.112.169,false,GA
IP001733,8.92.240.121,false,KE
IP001734,40.115.34.233,false,PY
IP001735,60.104.51.254,false,LK
IP001736,146.168.54.16,true,ET
IP001737,78.222.118.135,false,SK
IP001738,154.89.40.68,false,TT
IP001739,52.226.52.74,false,RU
IP001740,156.127.20.77,false,PK
IP001741,40.113.240.61,false,KP
IP001742,108.40.253.148,false,GT
IP001743,25.56.126.145,true,BE
IP001744,108.140.212.44,false,PH
IP001745,202.82.83.13,false,LC
IP001746,10.234.158.246,false,EC
IP001747,170.157.43.30,false,DK
IP001748,112.168.142.108,false,LB
IP001749,156.55.132.255,false,IL
IP001750,45.33.67.243,false,TJ
IP001751,148.72.206.126,true,LY
IP001752,111.44.195.252,false,SR
IP001753,193.154.102.10,false,CM
IP001754,220.242.44.179,false,SB
IP001755,190.168.69.10,false,LB
IP001756,109.76.236.238,false,KH
IP001757,158.84.141.107,true,JP
IP001758,194.150.157.12,false,TM
IP001759,190.37.186.128,false,LU
IP001760,158.167.160.229,false,BB
IP001761,71.122.229.231,false,KP
IP001762,78.26.116.242,false,PE
IP001763,52.227.48.50,false,BG
IP001764,140.125.85.88,true,TV
IP001765,12.114.99.194,false,FJ
IP001766,92.130.98.158,false,GD
IP001767,133.151.149.109,true,SG
IP001768,63.99.200.212,false,LB
IP001769,131.150.72.186,true,TL
IP001770,41.119.242.62,false,VC
IP001771,169.175.80.8,true,MV
IP001772,50.55.182.47,false,LY
IP001773,60.132.81.93,false,TJ
IP001774,92.110.27.56,true,SZ
IP001775,199.226.143.238,false,JO
IP001776,110.200.4.68,true,ZA
IP001777,212.119.86.165,false,TZ
IP001778,137.49.98.209,true,GE
IP001779,53.119.119.206,false,BI
IP001780,207.1.148.247,true,BT
IP001781,81.126.56.83,false,NI
IP001782,111.100.215.231,true,KN
IP001783,136.195.105.160,false,FR
IP001784,99.13.221.47,false,JP
IP001785,2.43.63.26,true,KI
IP001786,174.110.106.169,false,SA
IP001787,3.218.147.30,true,GR
IP001788,64.40.22.27,true,DE
IP001789,123.199.195.170,false,CM
IP001790,146.105.127.67,false,NI
IP001791,107.234.127.65,false,AT
IP001792,81.189.236.130,false,SA
IP001793,199.34.41.193,false,US
IP001794,191.96.35.251,false,TM
IP001795,24.64.207.176,false,YE
IP001796,135.167.66.86,false,MR
IP001797,8.71.221.88,false,IL
IP001798,104.239.168.153,false,CY
IP001799,40.171.253.64,false,MK
IP001800,108.92.219.150,false,ML
IP001801,54.200.114.124,true,BE
IP001802,36.234.186.114,false,SG
IP001803,97.119.74.118,false,BY
IP001804,138.178.90.216,false,ST
IP001805,52.60.202.173,false,LA
IP001806,164.87.229.92,false,LA
IP001807,151.51.146.87,false,BY
IP001808,13.160.70.28,false,CV
IP001809,82.2.191.167,false,MR
IP001810,189.47.15.24,true,LV
IP001811,213.55.136.230,false,CA
IP001812,115.137.174.79,false,ET
IP001813,161.210.206.200,true,NI
IP001814,18.113.223.25,true,CI
IP001815,160.71.47.159,true,QA
IP001816,55.52.82.200,false,CU
IP001817,165.121.4.81,false,EC
IP001818,129.215.50.58,true,CH
IP001819,163.142.199.26,false,CN
IP001820,212.142.53.42,false,FM
IP001821,114.1.104.230,false,GE
IP001822,69.7.221.27,false,NO
IP001823,135.38.116.217,false,BO
IP001824,94.254.8.61,true,TW
IP001825,22.72.129.224,false,CD
IP001826,67.203.0.109,false,PW
IP001827,80.49.91.61,false,BD
IP001828,64.168.77.138,true,TW
IP001829,71.236.59.205,true,UY
IP001830,102.204.211.52,false,ER
IP001831,129.223.97.162,false,BW
IP001832,108.112.33.117,false,TT
IP001833,42.70.146.65,true,SC
IP001834,183.189.2.149,true,SD
IP001835,134.87.191.92,true,TT
IP001836,182.241.165.241,false,VC
IP001837,98.65.62.34,false,DO
IP001838,208.35.118.105,true,RS
IP001839,77.178.109.149,true,SD
IP001840,169.121.134.244,true,MM
IP001841,139.217.25.203,false,OM
IP001842,134.222.103.154,false,EG
IP001843,175.9.115.158,true,NO
IP001844,100.29.32.127,false,NE
IP001845,84.29.43.4,false,CM
IP001846,20.89.100.228,true,SA
IP001847,185.57.132.167,true,TH
IP001848,178.161.198.113,true,LR
IP001849,28.80.32.126,false,JM
IP001850,25.251.245.235,true,LA
IP001851,193.227.78.47,false,GR
IP001852,3.41.144.63,false,NP
IP001853,96.142.143.62,true,PY
IP001854,206.240.133.29,true,EE
IP001855,95.119.42.189,true,GQ
IP001856,92.9.37.228,false,SK
IP001857,133.112.188.165,false,CL
IP001858,89.163.212.12,false,MD
IP001859,134.130.157.160,true,SZ
IP001860,213.102.46.59,false,BI
IP001861,44.189.212.212,true,LU
IP001862,103.157.253.241,false,CM
IP001863,118.203.150.162,true,RS
IP001864,24.188.49.110,false,TW
IP001865,166.103.93.94,true,MK
IP001866,28.241.51.178,false,RU
IP001867,10.91.164.240,true,PH
IP001868,80.11.77.122,false,RW
IP001869,20.78.182.60,false,AT
IP001870,67.97.239.28,false,BJ
IP001871,16.219.32.120,false,EE
IP001872,52.236.216.98,false,DE
IP001873,38.42.84.132,true,PS
IP001874,95.128.0.10,true,PT
IP001875,103.253.217.63,false,RW
IP001876,13.127.115.30,false,SR
IP001877,4.64.182.185,false,NR
IP001878,211.207.242.85,true,MV
IP001879,28.10.242.249,true,PA
IP001880,17.13.47.255,true,EE
IP001881,3.54.81.80,true,MA
IP001882,110.228.17.226,true,CR
IP001883,56.230.177.220,false,RU
IP001884,191.178.157.179,true,KM
IP001885,3.225.24.17,false,PY
IP001886,2.160.15.250,true,SD
IP001887,80.219.101.222,true,SA
IP001888,152.45.214.106,false,VE
IP001889,146.52.57.128,true,LI
IP001890,66.227.56.135,false,CN
IP001891,174.202.127.233,true,SZ
IP001892,149.215.37.154,false,MU
IP001893,86.22.210.197,false,MK
IP001894,35.156.221.72,false,HR
IP001895,115.193.3.22,false,KH
IP001896,37.111.175.116,true,FM
IP001897,83.131.175.139,false,CI
IP001898,33.66.246.18,false,SO
IP001899,61.127.138.21,true,KM
IP001900,221.122.63.4,false,IQ
IP001901,94.15.144.42,true,TZ
IP001902,84.65.197.81,false,MT
IP001903,148.162.141.60,true,TO
IP001904,95.65.68.135,true,BZ
IP001905,141.45.154.23,false,LU
IP001906,26.221.129.202,false,DM
IP001907,151.64.222.129,false,NZ
IP001908,102.77.32.254,true,SO
IP001909,100.195.225.52,false,BE
IP001910,57.186.208.236,true,GR
IP001911,133.226.163.28,true,VC
IP001912,170.97.1.217,true,UA
IP001913,36.78.37.226,false,TN
IP001914,167.154.179.1,true,NP
IP001915,101.39.64.48,false,CF
IP001916,174.102.54.179,false,NR
IP001917,148.13.249.154,true,FR
IP001918,48.20.184.233,true,VU
IP001919,10.227.189.182,false,AM
IP001920,139.240.65.0,false,TR
IP001921,30.244.21.79,true,IQ
IP001922,207.120.68.138,false,TM
IP001923,177.234.140.240,true,SK
IP001924,103.217.150.28,true,CY
IP001925,116.205.237.221,true,NZ
IP001926,36.31.148.163,false,ZW
IP001927,103.166.86.63,false,IQ
IP001928,173.72.224.109,false,IE
IP001929,143.28.192.78,false,NA
IP001930,114.102.62.209,false,FI
IP001931,83.223.229.143,true,PL
IP001932,29.244.205.3,false,NO
IP001933,130.94.68.232,false,FR
IP001934,106.46.209.226,false,AT
IP001935,122.56.224.133,true,KM
IP001936,4.86.125.236,false,WS
IP001937,16.163.23.169,true,BG
IP001938,210.175.141.2,false,KW
IP001939,132.17.184.247,false,NE
IP001940,210.227.202.5,true,MY
IP001941,205.31.222.0,true,GW
IP001942,71.184.155.206,false,SK
IP001943,144.29.159.136,true,SB
IP001944,215.158.83.91,false,US
IP001945,84.14.234.48,false,LS
IP001946,175.30.158.116,false,AE
IP001947,189.136.36.146,false,GM
IP001948,75.53.186.55,false,GH
IP001949,195.194.5.215,false,NE
IP001950,120.114.137.4,false,RW
IP001951,9.206.176.143,true,LB
IP001952,7.204.128.81,false,KZ
IP001953,116.113.152.245,true,CY
IP001954,55.137.10.91,true,KP
IP001955,66.58.81.82,false,SZ
IP001956,131.127.192.110,false,FM
IP001957,215.171.108.166,false,ID
IP001958,6.121.97.195,false,DZ
IP001959,202.185.200.36,false,LA
IP001960,79.32.225.135,false,PA
IP001961,57.38.130.254,false,IE
IP001962,47.17.200.188,false,KG
IP001963,101.82.9.77,false,OM
IP001964,154.0.162.206,false,AU
IP001965,124.82.4.78,true,RW
IP001966,29.54.250.166,true,LT
IP001967,179.54.112.195,true,DK
IP001968,132.63.92.89,true,MH
IP001969,52.233.197.198,true,PH
IP001970,131.85.150.72,false,BA
IP001971,156.96.191.60,true,BA
IP001972,89.164.113.153,false,FR
IP001973,148.20.4.159,false,TR
IP001974,74.25.195.78,false,HU
IP001975,10.20.220.88,false,UG
IP001976,148.113.9.14,false,PG
IP001977,20.69.182.89,true,IL
IP001978,109.61.196.250,false,JM
IP001979,103.168.113.192,false,MN
IP001980,99.4.192.92,true,TO
IP001981,112.94.21.226,true,TH
IP001982,142.163.35.181,false,BT
IP001983,193.101.131.37,true,IN
IP001984,138.204.229.205,false,BE
IP001985,59.115.39.24,false,US
IP001986,120.182.101.192,true,MN
IP001987,105.224.170.241,false,AL
IP001988,189.236.210.2,false,PH
IP001989,175.244.4.104,true,CL
IP001990,115.64.21.91,false,ET
IP001991,201.16.151.122,true,JO
IP001992,188.57.242.63,true,CO
IP001993,22.156.132.23,true,US
IP001994,116.135.8.169,true,ZA
IP001995,154.197.239.93,true,EG
IP001996,41.87.32.177,true,AT
IP001997,48.193.82.140,false,GW
IP001998,143.228.113.6,false,MN
IP001999,157.82.143.146,false,BS
IP002000,72.134.109.253,true,LI
IP002001,193.203.140.74,true,LA
IP002002,100.226.44.194,true,KN
IP002003,48.102.0.10,false,BN
IP002004,67.194.153.20,false,BF
IP002005,47.7.164.102,true,PW
IP002006,209.116.213.80,false,AF
IP002007,123.12.41.13,true,KI
IP002008,192.239.121.176,false,CO
IP002009,194.42.28.171,true,TT
IP002010,106.183.197.238,false,SC
IP002011,26.218.137.42,false,PT
IP002012,84.78.237.151,false,KN
IP002013,10.68.203.154,true,IL
IP002014,66.211.141.130,false,CN
IP002015,24.253.245.16,true,AE
IP002016,59.134.135.134,false,JM
IP002017,216.108.68.197,true,VA
IP002018,174.28.45.31,false,SI
IP002019,42.143.24.77,false,KW
IP002020,191.184.133.226,false,CZ
IP002021,3.194.140.162,false,BF
IP002022,96.111.192.233,false,GT
IP002023,99.195.17.35,false,IL
IP002024,111.121.96.72,true,NZ
IP002025,95.172.158.64,false,BB
IP002026,31.134.193.33,false,PK
IP002027,20.188.219.35,false,CM
IP002028,45.9.249.25,true,JM
IP002029,97.88.171.12,false,AE
IP002030,12.93.90.172,true,TM
IP002031,214.203.243.5,false,TV
IP002032,198.64.135.49,true,SL
IP002033,181.199.56.83,false,NI
IP002034,215.224.133.143,false,SB
IP002035,149.8.186.165,true,AR
IP002036,39.206.179.26,false,MX
IP002037,38.201.217.125,false,LI
IP002038,105.76.8.246,false,PK
IP002039,175.214.190.68,false,PH
IP002040,145.60.131.101,false,UG
IP002041,149.21.84.164,false,BD
IP002042,156.255.159.135,false,LR
IP002043,200.132.108.131,false,GH
IP002044,217.13.245.145,true,LI
IP002045,161.33.175.149,false,SY
IP002046,201.134.139.88,true,BW
IP002047,43.100.135.106,true,GY
IP002048,195.152.125.196,true,BT
IP002049,77.83.133.123,false,DK
IP002050,57.192.220.34,false,JM
IP002051,137.221.87.167,false,CL
IP002052,59.171.194.164,false,LK
IP002053,164.246.44.201,false,LA
IP002054,150.250.148.195,true,TL
IP002055,87.132.105.160,true,SG
IP002056,103.200.34.14,false,MW
IP002057,29.137.203.81,false,BW
IP002058,187.200.150.238,false,VE
IP002059,99.104.123.167,false,BW
IP002060,85.223.37.197,false,PL
IP002061,137.236.169.112,false,SA
IP002062,9.87.241.8,false,JP
IP002063,18.136.171.15,true,QA
IP002064,40.45.181.15,false,LA
IP002065,215.244.248.51,false,SK
IP002066,17.134.253.112,false,TG
IP002067,66.226.213.189,false,SG
IP002068,91.49.200.124,true,NG
IP002069,80.55.98.37,true,MH
IP002070,120.167.118.204,true,SC
IP002071,93.159.207.5,true,EE
IP002072,166.73.141.163,false,BD
IP002073,83.12.168.40,false,KW
IP002074,157.30.176.140,false,TW
IP002075,144.246.250.144,false,LV
IP002076,194.191.175.48,false,GH
IP002077,98.19.21.36,true,GQ
IP002078,65.37.133.229,false,AF
IP002079,32.217.251.139,true,DO
IP002080,157.115.79.151,true,MD
IP002081,63.38.118.27,true,KI
IP002082,151.22.46.46,true,FM
IP002083,153.71.162.124,false,KI
IP002084,72.165.180.253,true,AL
IP002085,96.32.136.113,false,MC
IP002086,194.27.117.120,false,GE
IP002087,20.165.26.101,true,CF
IP002088,115.13.252.80,false,BT
IP002089,61.168.195.172,true,CY
IP002090,16.178.185.52,false,CI
IP002091,106.112.82.76,false,SZ
IP002092,159.11.1.228,true,PW
IP002093,92.196.223.233,false,TV
IP002094,116.183.161.35,false,TN
IP002095,175.34.69.30,true,BF
IP002096,38.146.10.0,false,ZM
IP002097,168.221.19.79,false,NI
IP002098,168.148.224.102,false,AZ
IP002099,31.142.35.153,true,SG
IP002100,159.57.199.50,true,HT
IP002101,176.155.207.31,false,NO
IP002102,132.16.142.163,false,IQ
IP002103,221.89.48.165,false,PY
IP002104,86.49.98.29,false,PE
IP002105,129.84.230.148,false,DK
IP002106,44.77.6.174,false,PW
IP002107,46.218.199.3,true,SD
IP002108,117.109.43.177,false,UY
IP002109,169.119.237.120,true,CO
IP002110,220.125.235.205,true,NI
IP002111,174.225.205.171,false,PW
IP002112,162.151.168.80,true,VU
IP002113,102.88.66.176,true,TL
IP002114,21.139.153.202,true,FR
IP002115,111.223.254.39,false,BZ
IP002116,167.230.76.68,true,KI
IP002117,112.192.182.205,false,AM
IP002118,48.177.20.16,false,MK
IP002119,139.46.134.241,false,SC
IP002120,68.19.24.212,false,LU
IP002121,23.65.11.237,true,CL
IP002122,3.242.9.190,false,IL
IP002123,199.181.226.37,false,BD
IP002124,184.143.73.197,false,CZ
IP002125,169.26.169.13,false,MA
IP002126,92.5.90.79,false,PK
IP002127,203.78.50.251,false,CD
IP002128,179.66.128.193,false,TJ
IP002129,70.191.14.35,true,DM
IP002130,141.37.12.69,true,ML
IP002131,108.172.137.39,false,KN
IP002132,31.242.209.174,true,ES
IP002133,212.239.253.152,false,KH
IP002134,40.209.67.156,false,CM
IP002135,168.224.210.210,true,NI
IP002136,176.53.247.39,true,HN
IP002137,175.202.16.0,true,LV
IP002138,42.245.244.14,false,BS
IP002139,123.81.240.8,false,ML
IP002140,143.181.121.75,false,CZ
IP002141,189.126.191.147,false,GT
IP002142,91.113.213.97,false,NG
IP002143,222.174.26.230,true,SI
IP002144,165.201.211.234,false,AT
IP002145,16.81.127.246,false,VC
IP002146,161.29.1.42,false,BS
IP002147,57.180.165.212,true,DM
IP002148,28.149.163.32,true,PS
IP002149,73.169.50.251,true,TR
IP002150,82.237.38.34,false,NL
IP002151,51.122.7.71,false,WS
IP002152,187.3.86.77,true,AG
IP002153,173.44.197.226,false,ME
IP002154,45.32.232.142,false,ST
IP002155,156.76.21.146,false,MC
IP002156,57.227.107.229,false,FJ
IP002157,210.178.109.232,true,AZ
IP002158,7.30.180.238,true,RS
IP002159,180.8.60.253,true,SK
IP002160,199.145.94.254,true,GH
IP002161,83.251.241.143,false,SK
IP002162,42.61.227.82,false,AO
IP002163,80.142.97.66,true,GY
IP002164,174.110.121.48,false,RS
IP002165,39.17.122.232,false,ES
IP002166,87.222.226.192,false,IL
IP002167,150.175.176.254,false,CM
IP002168,71.251.230.157,true,PE
IP002169,32.85.106.148,true,PH
IP002170,47.28.55.242,false,CH
IP002171,196.239.115.51,false,MG
IP002172,40.245.74.248,false,LC
IP002173,47.217.57.123,true,CA
IP002174,44.82.211.77,false,ML
IP002175,20.176.144.112,false,LC
IP002176,58.95.19.95,true,BR
IP002177,91.49.88.28,false,CO
IP002178,30.70.249.235,false,BO
IP002179,57.198.183.121,false,TZ
IP002180,3.148.65.219,false,IN
IP002181,155.25.89.103,false,OM
IP002182,159.84.164.15,false,ES
IP002183,193.83.96.32,false,CV
IP002184,15.193.152.81,false,LC
IP002185,19.199.33.228,false,MD
IP002186,100.249.45.212,false,AU
IP002187,187.209.145.119,true,CL
IP002188,154.38.211.236,false,CG
IP002189,82.136.166.233,true,BB
IP002190,9.226.69.169,true,MR
IP002191,55.247.38.17,false,KI
IP002192,33.202.99.81,false,CV
IP002193,90.254.16.247,false,BE
IP002194,206.112.249.205,true,JM
IP002195,119.210.25.76,false,AD
IP002196,86.80.67.168,true,BJ
IP002197,221.92.198.144,true,RO
IP002198,156.243.179.223,true,LU
IP002199,191.53.16.101,true,WS
IP002200,173.15.254.123,false,CU
IP002201,15.95.254.153,false,PS
IP002202,30.94.209.252,true,CZ
IP002203,218.104.43.252,false,BT
IP002204,166.141.214.111,false,MW
IP002205,118.83.139.241,true,LU
IP002206,7.139.118.5,false,LK
IP002207,124.90.167.148,false,DM
IP002208,147.196.42.184,true,TJ
IP002209,133.115.33.134,false,FI
IP002210,202.27.18.89,false,TN
IP002211,15.157.5.226,false,SC
IP002212,211.217.92.24,false,KM
IP002213,205.112.29.78,false,AM
IP002214,124.210.190.139,false,HN
IP002215,175.141.200.46,true,BS
IP002216,165.32.124.108,false,MZ
IP002217,159.116.75.85,false,AO
IP002218,43.141.113.114,false,NI
IP002219,84.79.254.106,true,MU
IP002220,120.234.202.204,true,BZ
IP002221,6.72.102.124,false,CV
IP002222,96.183.143.46,true,DE
IP002223,58.16.209.40,false,GD
IP002224,109.52.100.5,false,EG
IP002225,67.190.126.64,true,KG
IP002226,52.123.143.50,false,CV
IP002227,52.191.251.253,true,IL
IP002228,39.189.233.75,false,BF
IP002229,102.242.42.186,true,SA
IP002230,14.41.40.205,false,CI
IP002231,122.139.243.250,false,PL
IP002232,4.134.14.244,false,RO
IP002233,78.245.154.129,false,AM
IP002234,120.207.228.43,true,HU
IP002235,180.4.174.50,false,KI
IP002236,156.138.249.42,true,BS
IP002237,170.208.87.1,false,CV
IP002238,42.195.152.255,true,HN
IP002239,7.99.216.83,true,TH
IP002240,16.8.51.95,false,PL
IP002241,203.202.12.64,false,TD
IP002242,194.0.142.83,false,BH
IP002243,207.219.132.120,true,IR
IP002244,152.84.111.100,false,MG
IP002245,170.217.220.56,false,TV
IP002246,171.32.16.17,false,BD
IP002247,105.30.116.101,true,KG
IP002248,71.222.218.198,true,CU
IP002249,184.241.82.135,false,NR
IP002250,101.162.248.187,false,KZ
IP002251,206.23.68.48,true,GB
IP002252,145.121.12.30,true,HN
IP002253,148.149.184.157,false,LV
IP002254,101.168.43.140,true,AM
IP002255,212.71.123.55,false,KH
IP002256,223.63.185.166,false,AF
IP002257,213.141.155.107,true,NG
IP002258,3.244.182.79,false,MX
IP002259,4.158.196.112,true,SO
IP002260,92.125.198.183,false,GQ
IP002261,88.22.141.61,false,US
IP002262,43.87.6.152,false,MC
IP002263,196.127.194.25,false,PL
IP002264,44.89.246.81,false,PA
IP002265,65.68.26.80,false,PS
IP002266,126.183.52.81,true,FI
IP002267,83.103.70.236,false,VC
IP002268,119.230.163.234,false,ML
IP002269,95.138.167.220,false,MA
IP002270,141.97.171.155,false,AF
IP002271,99.43.47.59,false,CG
IP002272,223.206.240.213,false,DO
IP002273,5.103.123.170,false,BI
IP002274,132.41.196.166,true,CN
IP002275,121.210.223.103,true,SK
IP002276,184.199.75.118,false,FI
IP002277,168.11.214.14,true,MD
IP002278,144.47.219.218,false,KZ
IP002279,3.208.210.2,true,AD
IP002280,204.106.55.10,false,LI
IP002281,29.5.32.153,false,IS
IP002282,93.220.142.150,true,SA
IP002283,34.200.32.11,true,WS
IP002284,116.114.105.231,false,NL
IP002285,13.15.83.189,false,AF
IP002286,53.107.209.246,false,BR
IP002287,208.207.216.206,true,LK
IP002288,118.199.247.190,true,BO
IP002289,214.76.208.159,false,DM
IP002290,36.5.163.89,false,YE
IP002291,129.200.170.207,true,QA
IP002292,16.196.204.255,false,UA
IP002293,165.89.77.156,false,ID
IP002294,119.147.196.251,false,GY
IP002295,202.27.222.159,true,LT
IP002296,11.201.179.184,true,BN
IP002297,190.8.110.248,true,BY
IP002298,135.253.39.194,false,BS
IP002299,193.17.18.108,true,MT
IP002300,36.41.108.28,false,CN
IP002301,92.72.100.37,false,BG
IP002302,59.163.64.6,false,BI
IP002303,67.146.16.13,false,TJ
IP002304,88.105.196.69,false,MZ
IP002305,90.79.151.243,true,HT
IP002306,208.86.227.138,false,PH
IP002307,59.102.21.159,false,VN
IP002308,149.188.70.190,false,CF
IP002309,204.53.48.217,false,PH
IP002310,11.20.103.74,false,CD
IP002311,68.82.166.9,false,UA
IP002312,163.25.11.143,false,TO
IP002313,80.102.253.211,false,MH
IP002314,60.116.185.143,false,ER
IP002315,112.180.131.147,true,BH
IP002316,91.228.239.138,true,SG
IP002317,203.219.149.22,false,KR
IP002318,137.81.234.55,false,CY
IP002319,26.249.10.22,false,JP
IP002320,32.132.105.178,false,SI
IP002321,137.65.33.249,false,BG
IP002322,112.223.171.228,true,NO
IP002323,44.210.228.168,false,DZ
IP002324,210.48.93.28,false,LV
IP002325,99.206.72.240,true,MD
IP002326,157.233.235.180,true,US
IP002327,149.123.118.25,true,VE
IP002328,53.8.24.51,true,DK
IP002329,66.179.70.177,true,SA
IP002330,112.15.36.169,true,DZ
IP002331,115.175.51.204,true,PT
IP002332,143.76.22.129,false,RO
IP002333,186.155.197.144,false,SZ
IP002334,57.158.184.157,false,ER
IP002335,172.13.198.10,false,ML
IP002336,86.231.157.125,false,AT
IP002337,2.145.209.210,false,JP
IP002338,27.132.96.96,false,BD
IP002339,193.101.243.110,false,FJ
IP002340,46.3.50.14,false,IN
IP002341,186.223.200.237,false,TG
IP002342,115.34.195.218,false,AO
IP002343,108.48.73.63,false,BZ
IP002344,72.200.153.25,false,MU
IP002345,135.26.29.197,true,LU
IP002346,206.112.201.201,true,PH
IP002347,117.245.37.138,false,HR
IP002348,110.240.130.89,false,LC
IP002349,73.62.96.187,false,CO
IP002350,163.17.32.103,false,SN
IP002351,55.243.204.134,true,LB
IP002352,143.166.179.132,true,BD
IP002353,182.13.31.251,false,SO
IP002354,41.130.30.212,false,LR
IP002355,116.123.46.36,true,CN
IP002356,169.125.46.125,false,GE
IP002357,191.15.180.218,false,HR
IP002358,138.183.59.45,false,SE
IP002359,55.243.249.196,false,SB
IP002360,10.221.45.140,false,LI
IP002361,191.119.43.96,true,VC
IP002362,202.242.144.109,true,IQ
IP002363,130.87.186.95,false,GE
IP002364,115.63.125.114,true,PG
IP002365,220.171.54.108,false,GM
IP002366,56.34.32.151,false,TO
IP002367,109.252.87.255,true,IE
IP002368,5.19.27.197,false,GB
IP002369,92.114.198.108,true,SI
IP002370,34.162.21.233,true,PT
IP002371,13.97.201.175,true,NP
IP002372,29.215.22.28,false,NE
IP002373,63.215.190.218,true,LB
IP002374,124.25.79.186,false,EE
IP002375,24.127.255.189,false,KH
IP002376,69.70.88.79,false,KE
IP002377,170.80.8.234,false,IS
IP002378,211.38.42.222,false,CL
IP002379,66.115.51.198,true,ST
IP002380,102.201.93.167,false,GQ
IP002381,51.95.177.44,false,CH
IP002382,164.100.52.242,false,ET
IP002383,136.210.200.63,false,GB
IP002384,184.91.56.186,true,AG
IP002385,185.4.224.94,true,LY
IP002386,188.236.5.87,false,NA
IP002387,172.24.90.41,false,PW
IP002388,137.141.210.123,false,MY
IP002389,115.91.165.233,false,PY
IP002390,119.127.243.195,true,WS
IP002391,165.115.87.115,false,BS
IP002392,44.5.173.138,false,NP
IP002393,189.93.178.243,false,GE
IP002394,16.246.156.208,true,MR
IP002395,72.54.208.165,false,KP
IP002396,204.19.211.182,false,SB
IP002397,165.172.178.135,false,LU
IP002398,118.207.191.23,false,LA
IP002399,185.150.160.196,false,LR
IP002400,130.15.182.73,true,CU
IP002401,109.72.180.198,true,TN
IP002402,153.4.70.59,false,MU
IP002403,103.144.2.236,false,BI
IP002404,11.3.111.107,false,PY
IP002405,92.229.244.104,true,DZ
IP002406,210.251.213.157,true,DO
IP002407,75.94.99.207,false,AU
IP002408,175.232.174.26,false,AR
IP002409,96.142.81.80,true,MV
IP002410,46.234.30.54,false,JP
IP002411,132.122.139.0,false,PH
IP002412,64.180.254.223,false,DO
IP002413,58.75.140.238,false,MX
IP002414,105.197.155.115,false,CO
IP002415,7.211.117.85,false,CH
IP002416,77.54.246.154,true,CO
IP002417,217.233.135.225,true,NR
IP002418,167.152.178.240,false,DJ
IP002419,147.220.46.34,true,TZ
IP002420,103.213.248.173,true,IS
IP002421,102.146.29.217,true,PE
IP002422,89.141.24.250,false,UY
IP002423,165.67.35.177,true,TN
IP002424,222.185.254.234,true,PL
IP002425,133.212.160.87,false,JO
IP002426,157.52.32.177,true,LY
IP002427,147.9.102.99,false,MX
IP002428,139.53.68.228,true,NI
IP002429,118.233.201.43,false,PK
IP002430,43.189.141.60,false,MC
IP002431,153.47.241.219,false,MC
IP002432,205.234.229.88,false,DJ
IP002433,125.42.229.26,false,TL
IP002434,214.243.192.123,true,SA
IP002435,39.194.62.21,false,MN
IP002436,70.187.255.200,true,SD
IP002437,186.110.179.26,false,NE
IP002438,24.22.170.4,true,GE
IP002439,15.101.9.188,false,AR
IP002440,93.143.213.171,true,MU
IP002441,57.142.209.9,false,FI
IP002442,32.175.235.199,false,ID
IP002443,72.188.25.0,true,LR
IP002444,157.182.50.241,false,RU
IP002445,18.164.61.4,true,SY
IP002446,156.3.170.16,false,CU
IP002447,24.238.186.245,false,DK
IP002448,104.73.255.181,false,UZ
IP002449,82.211.68.30,true,CM
IP002450,14.64.235.104,true,DO
IP002451,64.183.172.185,true,GD
IP002452,125.195.59.217,false,MK
IP002453,104.141.22.9,false,GQ
IP002454,15.18.171.142,true,MC
IP002455,70.148.42.79,false,MW
IP002456,156.106.71.32,false,BF
IP002457,131.29.82.133,true,MT
IP002458,183.253.138.100,false,MR
IP002459,214.102.72.101,true,BW
IP002460,65.201.214.80,false,AL
IP002461,44.76.55.35,false,KZ
IP002462,142.29.200.153,false,BY
IP002463,162.175.165.246,true,RS
IP002464,110.166.160.20,false,SG
IP002465,84.239.226.196,false,LI
IP002466,2.194.24.191,false,VU
IP002467,103.148.139.162,false,NP
IP002468,77.174.146.70,false,CD
IP002469,43.28.157.157,false,AL
IP002470,52.61.71.165,true,AL
IP002471,61.92.149.189,true,GN
IP002472,81.210.63.236,true,CF
IP002473,130.207.229.78,false,BJ
IP002474,221.39.180.141,false,KI
IP002475,191.252.134.218,true,CA
IP002476,181.124.151.211,false,ID
IP002477,202.166.17.195,false,ZM
IP002478,136.129.242.217,false,LT
IP002479,109.22.100.136,true,TL
IP002480,26.185.46.148,false,AM
IP002481,156.186.247.147,false,MU
IP002482,11.184.3.198,true,SC
IP002483,128.217.197.88,true,HT
IP002484,71.240.137.69,true,KR
IP002485,118.219.32.148,false,TW
IP002486,113.69.46.19,false,BH
IP002487,95.235.34.127,false,KE
IP002488,103.128.196.17,false,GA
IP002489,143.60.112.167,true,RS
IP002490,156.102.2.149,false,SZ
IP002491,212.75.234.85,false,IT
IP002492,34.136.237.200,false,SK
IP002493,166.163.103.66,true,KH
IP002494,160.97.12.66,false,GT
IP002495,168.169.156.65,false,LV
IP002496,112.221.124.172,false,TL
IP002497,196.227.200.95,true,UZ
IP002498,218.74.217.171,false,EG
IP002499,16.49.128.98,false,BI
