date,from_ccy,to_ccy,rate
2024-01-01,USD,EUR,62.6237
2024-01-01,USD,JPY,195.7986
2024-01-01,USD,GBP,38.4434
2024-01-01,USD,CNY,30.9894
2024-01-01,USD,INR,121.6674
2024-01-02,USD,EUR,74.1715
2024-01-02,USD,JPY,17.8464
2024-01-02,USD,GBP,197.855
2024-01-02,USD,CNY,133.5761
2024-01-02,USD,INR,187.0897
2024-01-03,USD,EUR,113.7693
2024-01-03,USD,JPY,179.6051
2024-01-03,USD,GBP,111.6199
2024-01-03,USD,CNY,5.6026
2024-01-03,USD,INR,161.1495
2024-01-04,USD,EUR,135.5358
2024-01-04,USD,JPY,133.6891
2024-01-04,USD,GBP,162.0928
2024-01-04,USD,CNY,40.0282
2024-01-04,USD,INR,11.3598
2024-01-05,USD,EUR,109.3811
2024-01-05,USD,JPY,107.9302
2024-01-05,USD,GBP,42.8773
2024-01-05,USD,CNY,199.7449
2024-01-05,USD,INR,59.1646
2024-01-06,USD,EUR,100.0161
2024-01-06,USD,JPY,91.8525
2024-01-06,USD,GBP,124.9286
2024-01-06,USD,CNY,10.5343
2024-01-06,USD,INR,195.4095
2024-01-07,USD,EUR,101.4031
2024-01-07,USD,JPY,62.4854
2024-01-07,USD,GBP,80.1481
2024-01-07,USD,CNY,196.1181
2024-01-07,USD,INR,75.7685
2024-01-08,USD,EUR,62.0672
2024-01-08,USD,JPY,112.6206
2024-01-08,USD,GBP,86.5702
2024-01-08,USD,CNY,137.0146
2024-01-08,USD,INR,1.4723
2024-01-09,USD,EUR,193.5671
2024-01-09,USD,JPY,126.9396
2024-01-09,USD,GBP,42.4671
2024-01-09,USD,CNY,81.9907
2024-01-09,USD,INR,32.1744
2024-01-10,USD,EUR,136.6142
2024-01-10,USD,JPY,71.5182
2024-01-10,USD,GBP,145.8909
2024-01-10,USD,CNY,106.1108
2024-01-10,USD,INR,67.4104
2024-01-11,USD,EUR,36.5631
2024-01-11,USD,JPY,157.5324
2024-01-11,USD,GBP,85.7211
2024-01-11,USD,CNY,114.3874
2024-01-11,USD,INR,158.655
2024-01-12,USD,EUR,75.7122
2024-01-12,USD,JPY,113.3303
2024-01-12,USD,GBP,170.1303
2024-01-12,USD,CNY,42.5377
2024-01-12,USD,INR,182.6641
2024-01-13,USD,EUR,28.9793
2024-01-13,USD,JPY,89.8612
2024-01-13,USD,GBP,163.0162
2024-01-13,USD,CNY,97.8244
2024-01-13,USD,INR,126.5854
2024-01-14,USD,EUR,61.1819
2024-01-14,USD,JPY,165.6678
2024-01-14,USD,GBP,82.8675
2024-01-14,USD,CNY,108.2893
2024-01-14,USD,INR,143.664
2024-01-15,USD,EUR,142.4651
2024-01-15,USD,JPY,94.9785
2024-01-15,USD,GBP,11.443
2024-01-15,USD,CNY,136.5638
2024-01-15,USD,INR,93.7712
2024-01-16,USD,EUR,38.8912
2024-01-16,USD,JPY,134.5588
2024-01-16,USD,GBP,48.5722
2024-01-16,USD,CNY,127.7877
2024-01-16,USD,INR,175.1101
2024-01-17,USD,EUR,195.6391
2024-01-17,USD,JPY,83.5294
2024-01-17,USD,GBP,21.5184
2024-01-17,USD,CNY,71.0109
2024-01-17,USD,INR,187.4995
2024-01-18,USD,EUR,60.0033
2024-01-18,USD,JPY,145.9091
2024-01-18,USD,GBP,77.5739
2024-01-18,USD,CNY,109.5958
2024-01-18,USD,INR,196.0739
2024-01-19,USD,EUR,174.0827
2024-01-19,USD,JPY,79.4732
2024-01-19,USD,GBP,100.6796
2024-01-19,USD,CNY,110.005
2024-01-19,USD,INR,151.6714
2024-01-20,USD,EUR,149.3689
2024-01-20,USD,JPY,139.2317
2024-01-20,USD,GBP,191.1679
2024-01-20,USD,CNY,188.558
2024-01-20,USD,INR,123.4067
2024-01-21,USD,EUR,34.2974
2024-01-21,USD,JPY,194.3867
2024-01-21,USD,GBP,121.0121
2024-01-21,USD,CNY,197.0035
2024-01-21,USD,INR,177.954
2024-01-22,USD,EUR,150.9054
2024-01-22,USD,JPY,136.1961
2024-01-22,USD,GBP,159.3647
2024-01-22,USD,CNY,130.1771
2024-01-22,USD,INR,181.861
2024-01-23,USD,EUR,72.3652
2024-01-23,USD,JPY,104.2682
2024-01-23,USD,GBP,85.7352
2024-01-23,USD,CNY,141.6016
2024-01-23,USD,INR,83.709
2024-01-24,USD,EUR,17.7922
2024-01-24,USD,JPY,133.6106
2024-01-24,USD,GBP,54.978
2024-01-24,USD,CNY,170.0938
2024-01-24,USD,INR,195.0159
2024-01-25,USD,EUR,45.9577
2024-01-25,USD,JPY,131.3269
2024-01-25,USD,GBP,173.831
2024-01-25,USD,CNY,109.1204
2024-01-25,USD,INR,109.1189
2024-01-26,USD,EUR,24.7004
2024-01-26,USD,JPY,116.0708
2024-01-26,USD,GBP,38.5275
2024-01-26,USD,CNY,94.0487
2024-01-26,USD,INR,117.3306
2024-01-27,USD,EUR,160.9979
2024-01-27,USD,JPY,129.2576
2024-01-27,USD,GBP,158.1021
2024-01-27,USD,CNY,41.0965
2024-01-27,USD,INR,193.1285
2024-01-28,USD,EUR,120.6923
2024-01-28,USD,JPY,157.1173
2024-01-28,USD,GBP,126.5117
2024-01-28,USD,CNY,122.1793
2024-01-28,USD,INR,161.5071
2024-01-29,USD,EUR,18.6663
2024-01-29,USD,JPY,134.853
2024-01-29,USD,GBP,31.9716
2024-01-29,USD,CNY,186.1108
2024-01-29,USD,INR,6.0467
2024-01-30,USD,EUR,77.4184
2024-01-30,USD,JPY,19.6121
2024-01-30,USD,GBP,152.9942
2024-01-30,USD,CNY,36.4859
2024-01-30,USD,INR,1.6778
2024-01-31,USD,EUR,31.0813
2024-01-31,USD,JPY,116.1981
2024-01-31,USD,GBP,73.0806
2024-01-31,USD,CNY,43.6417
2024-01-31,USD,INR,185.672
2024-02-01,USD,EUR,48.852
2024-02-01,USD,JPY,165.281
2024-02-01,USD,GBP,127.6134
2024-02-01,USD,CNY,137.3038
2024-02-01,USD,INR,135.9384
2024-02-02,USD,EUR,58.5722
2024-02-02,USD,JPY,1.4717
2024-02-02,USD,GBP,110.886
2024-02-02,USD,CNY,16.3701
2024-02-02,USD,INR,97.2643
2024-02-03,USD,EUR,37.1264
2024-02-03,USD,JPY,24.8775
2024-02-03,USD,GBP,119.1635
2024-02-03,USD,CNY,85.5762
2024-02-03,USD,INR,37.8659
2024-02-04,USD,EUR,166.8319
2024-02-04,USD,JPY,36.995
2024-02-04,USD,GBP,69.8629
2024-02-04,USD,CNY,4.1245
2024-02-04,USD,INR,169.7099
2024-02-05,USD,EUR,49.3545
2024-02-05,USD,JPY,132.7858
2024-02-05,USD,GBP,91.5716
2024-02-05,USD,CNY,127.303
2024-02-05,USD,INR,80.0712
2024-02-06,USD,EUR,115.2714
2024-02-06,USD,JPY,138.007
2024-02-06,USD,GBP,2.0566
2024-02-06,USD,CNY,1.6378
2024-02-06,USD,INR,21.4872
2024-02-07,USD,EUR,116.5759
2024-02-07,USD,JPY,199.5381
2024-02-07,USD,GBP,149.8618
2024-02-07,USD,CNY,190.2679
2024-02-07,USD,INR,75.5555
2024-02-08,USD,EUR,68.8794
2024-02-08,USD,JPY,191.9172
2024-02-08,USD,GBP,42.9068
2024-02-08,USD,CNY,151.6732
2024-02-08,USD,INR,187.8327
2024-02-09,USD,EUR,170.0622
2024-02-09,USD,JPY,106.155
2024-02-09,USD,GBP,51.8071
2024-02-09,USD,CNY,44.1343
2024-02-09,USD,INR,172.8417
2024-02-10,USD,EUR,181.9793
2024-02-10,USD,JPY,96.4514
2024-02-10,USD,GBP,74.8572
2024-02-10,USD,CNY,15.0097
2024-02-10,USD,INR,57.2933
2024-02-11,USD,EUR,98.8162
2024-02-11,USD,JPY,87.355
2024-02-11,USD,GBP,23.4962
2024-02-11,USD,CNY,93.3066
2024-02-11,USD,INR,125.458
2024-02-12,USD,EUR,179.6329
2024-02-12,USD,JPY,138.1451
2024-02-12,USD,GBP,90.7131
2024-02-12,USD,CNY,27.1082
2024-02-12,USD,INR,28.556
2024-02-13,USD,EUR,193.4888
2024-02-13,USD,JPY,181.2697
2024-02-13,USD,GBP,168.8313
2024-02-13,USD,CNY,11.1191
2024-02-13,USD,INR,124.8373
2024-02-14,USD,EUR,131.5294
2024-02-14,USD,JPY,146.6888
2024-02-14,USD,GBP,104.1751
2024-02-14,USD,CNY,172.279
2024-02-14,USD,INR,109.2905
2024-02-15,USD,EUR,145.5545
2024-02-15,USD,JPY,56.9649
2024-02-15,USD,GBP,142.8226
2024-02-15,USD,CNY,128.4818
2024-02-15,USD,INR,36.1549
2024-02-16,USD,EUR,41.3766
2024-02-16,USD,JPY,23.0946
2024-02-16,USD,GBP,133.3801
2024-02-16,USD,CNY,3.0175
2024-02-16,USD,INR,75.2442
2024-02-17,USD,EUR,120.2605
2024-02-17,USD,JPY,142.1827
2024-02-17,USD,GBP,36.0007
2024-02-17,USD,CNY,139.7299
2024-02-17,USD,INR,109.5037
2024-02-18,USD,EUR,28.1971
2024-02-18,USD,JPY,147.3375
2024-02-18,USD,GBP,70.3855
2024-02-18,USD,CNY,142.4241
2024-02-18,USD,INR,77.1839
2024-02-19,USD,EUR,72.5087
2024-02-19,USD,JPY,131.2804
2024-02-19,USD,GBP,9.0647
2024-02-19,USD,CNY,33.2231
2024-02-19,USD,INR,44.4384
2024-02-20,USD,EUR,20.1963
2024-02-20,USD,JPY,93.7308
2024-02-20,USD,GBP,69.5913
2024-02-20,USD,CNY,58.3816
2024-02-20,USD,INR,106.0619
2024-02-21,USD,EUR,181.1186
2024-02-21,USD,JPY,43.4135
2024-02-21,USD,GBP,178.1622
2024-02-21,USD,CNY,99.0744
2024-02-21,USD,INR,5.8012
2024-02-22,USD,EUR,149.9853
2024-02-22,USD,JPY,17.1465
2024-02-22,USD,GBP,89.4639
2024-02-22,USD,CNY,22.6079
2024-02-22,USD,INR,160.7393
2024-02-23,USD,EUR,197.4496
2024-02-23,USD,JPY,93.9221
2024-02-23,USD,GBP,165.9526
2024-02-23,USD,CNY,107.635
2024-02-23,USD,INR,147.5025
2024-02-24,USD,EUR,190.6404
2024-02-24,USD,JPY,1.9083
2024-02-24,USD,GBP,64.3118
2024-02-24,USD,CNY,66.952
2024-02-24,USD,INR,101.6866
2024-02-25,USD,EUR,174.9972
2024-02-25,USD,JPY,150.9255
2024-02-25,USD,GBP,86.7459
2024-02-25,USD,CNY,47.1554
2024-02-25,USD,INR,3.6402
2024-02-26,USD,EUR,34.6377
2024-02-26,USD,JPY,123.1509
2024-02-26,USD,GBP,60.1238
2024-02-26,USD,CNY,96.9238
2024-02-26,USD,INR,161.4805
2024-02-27,USD,EUR,188.5927
2024-02-27,USD,JPY,42.1388
2024-02-27,USD,GBP,171.4974
2024-02-27,USD,CNY,56.9412
2024-02-27,USD,INR,134.905
2024-02-28,USD,EUR,72.5223
2024-02-28,USD,JPY,39.8786
2024-02-28,USD,GBP,121.8627
2024-02-28,USD,CNY,56.5619
2024-02-28,USD,INR,15.3148
2024-02-29,USD,EUR,133.1163
2024-02-29,USD,JPY,5.98
2024-02-29,USD,GBP,64.8092
2024-02-29,USD,CNY,64.2859
2024-02-29,USD,INR,105.7597
2024-03-01,USD,EUR,100.6092
2024-03-01,USD,JPY,33.1814
2024-03-01,USD,GBP,58.5971
2024-03-01,USD,CNY,185.8528
2024-03-01,USD,INR,89.5929
2024-03-02,USD,EUR,46.9206
2024-03-02,USD,JPY,99.5664
2024-03-02,USD,GBP,50.4754
2024-03-02,USD,CNY,90.6908
2024-03-02,USD,INR,98.6814
2024-03-03,USD,EUR,146.9004
2024-03-03,USD,JPY,112.0469
2024-03-03,USD,GBP,145.3524
2024-03-03,USD,CNY,199.2396
2024-03-03,USD,INR,130.2571
2024-03-04,USD,EUR,78.8443
2024-03-04,USD,JPY,132.1459
2024-03-04,USD,GBP,166.2402
2024-03-04,USD,CNY,68.2786
2024-03-04,USD,INR,102.2324
2024-03-05,USD,EUR,64.7252
2024-03-05,USD,JPY,143.7183
2024-03-05,USD,GBP,2.0518
2024-03-05,USD,CNY,99.7613
2024-03-05,USD,INR,33.1024
2024-03-06,USD,EUR,33.8161
2024-03-06,USD,JPY,128.4276
2024-03-06,USD,GBP,196.3892
2024-03-06,USD,CNY,48.8537
2024-03-06,USD,INR,145.1543
2024-03-07,USD,EUR,109.9253
2024-03-07,USD,JPY,113.1592
2024-03-07,USD,GBP,24.0021
2024-03-07,USD,CNY,138.0762
2024-03-07,USD,INR,181.6011
2024-03-08,USD,EUR,26.522
2024-03-08,USD,JPY,72.5208
2024-03-08,USD,GBP,18.4532
2024-03-08,USD,CNY,31.9512
2024-03-08,USD,INR,165.3702
2024-03-09,USD,EUR,51.496
2024-03-09,USD,JPY,85.7219
2024-03-09,USD,GBP,39.4917
2024-03-09,USD,CNY,76.9787
2024-03-09,USD,INR,6.6913
2024-03-10,USD,EUR,177.2161
2024-03-10,USD,JPY,119.5093
2024-03-10,USD,GBP,73.0934
2024-03-10,USD,CNY,36.1646
2024-03-10,USD,INR,8.7708
2024-03-11,USD,EUR,63.3022
2024-03-11,USD,JPY,13.6956
2024-03-11,USD,GBP,94.0782
2024-03-11,USD,CNY,142.7948
2024-03-11,USD,INR,54.9964
2024-03-12,USD,EUR,190.2172
2024-03-12,USD,JPY,160.4934
2024-03-12,USD,GBP,143.9435
2024-03-12,USD,CNY,92.4472
2024-03-12,USD,INR,133.8245
2024-03-13,USD,EUR,54.6675
2024-03-13,USD,JPY,70.6529
2024-03-13,USD,GBP,162.4933
2024-03-13,USD,CNY,88.2667
2024-03-13,USD,INR,87.4082
2024-03-14,USD,EUR,102.2879
2024-03-14,USD,JPY,81.405
2024-03-14,USD,GBP,39.4509
2024-03-14,USD,CNY,131.6441
2024-03-14,USD,INR,33.1238
2024-03-15,USD,EUR,191.0877
2024-03-15,USD,JPY,158.7369
2024-03-15,USD,GBP,165.977
2024-03-15,USD,CNY,89.8423
2024-03-15,USD,INR,132.2187
2024-03-16,USD,EUR,5.5353
2024-03-16,USD,JPY,127.1266
2024-03-16,USD,GBP,108.8334
2024-03-16,USD,CNY,16.5099
2024-03-16,USD,INR,49.6673
2024-03-17,USD,EUR,196.5413
2024-03-17,USD,JPY,104.4825
2024-03-17,USD,GBP,115.7211
2024-03-17,USD,CNY,182.8258
2024-03-17,USD,INR,20.4098
2024-03-18,USD,EUR,150.7362
2024-03-18,USD,JPY,168.9809
2024-03-18,USD,GBP,164.2787
2024-03-18,USD,CNY,67.386
2024-03-18,USD,INR,81.6714
2024-03-19,USD,EUR,159.2478
2024-03-19,USD,JPY,80.7224
2024-03-19,USD,GBP,88.0761
2024-03-19,USD,CNY,180.4728
2024-03-19,USD,INR,117.1021
2024-03-20,USD,EUR,67.9964
2024-03-20,USD,JPY,53.9609
2024-03-20,USD,GBP,80.1216
2024-03-20,USD,CNY,6.283
2024-03-20,USD,INR,97.0459
2024-03-21,USD,EUR,113.8647
2024-03-21,USD,JPY,158.1345
2024-03-21,USD,GBP,90.2452
2024-03-21,USD,CNY,61.6315
2024-03-21,USD,INR,15.4827
2024-03-22,USD,EUR,179.9496
2024-03-22,USD,JPY,174.0653
2024-03-22,USD,GBP,93.6069
2024-03-22,USD,CNY,159.8075
2024-03-22,USD,INR,26.2228
2024-03-23,USD,EUR,30.9378
2024-03-23,USD,JPY,41.5243
2024-03-23,USD,GBP,1.3372
2024-03-23,USD,CNY,140.9417
2024-03-23,USD,INR,70.3264
2024-03-24,USD,EUR,46.3856
2024-03-24,USD,JPY,90.6972
2024-03-24,USD,GBP,174.8581
2024-03-24,USD,CNY,88.3654
2024-03-24,USD,INR,131.5951
2024-03-25,USD,EUR,64.8578
2024-03-25,USD,JPY,38.3245
2024-03-25,USD,GBP,30.1793
2024-03-25,USD,CNY,123.6451
2024-03-25,USD,INR,70.986
2024-03-26,USD,EUR,117.8172
2024-03-26,USD,JPY,138.0992
2024-03-26,USD,GBP,106.657
2024-03-26,USD,CNY,105.0648
2024-03-26,USD,INR,111.3479
2024-03-27,USD,EUR,156.8761
2024-03-27,USD,JPY,72.4718
2024-03-27,USD,GBP,100.6552
2024-03-27,USD,CNY,35.343
2024-03-27,USD,INR,91.9866
2024-03-28,USD,EUR,34.6938
2024-03-28,USD,JPY,121.7329
2024-03-28,USD,GBP,189.9472
2024-03-28,USD,CNY,43.3846
2024-03-28,USD,INR,145.0883
2024-03-29,USD,EUR,140.2672
2024-03-29,USD,JPY,178.404
2024-03-29,USD,GBP,125.5897
2024-03-29,USD,CNY,33.1001
2024-03-29,USD,INR,180.2778
2024-03-30,USD,EUR,6.4876
2024-03-30,USD,JPY,163.2077
2024-03-30,USD,GBP,48.9144
2024-03-30,USD,CNY,100.8543
2024-03-30,USD,INR,133.3627
2024-03-31,USD,EUR,39.4919
2024-03-31,USD,JPY,121.4821
2024-03-31,USD,GBP,105.9375
2024-03-31,USD,CNY,153.2753
2024-03-31,USD,INR,57.5933
2024-04-01,USD,EUR,57.5565
2024-04-01,USD,JPY,27.4954
2024-04-01,USD,GBP,91.2551
2024-04-01,USD,CNY,117.3145
2024-04-01,USD,INR,46.8875
2024-04-02,USD,EUR,144.7059
2024-04-02,USD,JPY,78.8833
2024-04-02,USD,GBP,135.5685
2024-04-02,USD,CNY,26.6087
2024-04-02,USD,INR,48.3294
2024-04-03,USD,EUR,15.9494
2024-04-03,USD,JPY,146.742
2024-04-03,USD,GBP,83.5534
2024-04-03,USD,CNY,91.0678
2024-04-03,USD,INR,33.6213
2024-04-04,USD,EUR,194.2574
2024-04-04,USD,JPY,94.9276
2024-04-04,USD,GBP,67.0313
2024-04-04,USD,CNY,196.1346
2024-04-04,USD,INR,45.5367
2024-04-05,USD,EUR,47.3175
2024-04-05,USD,JPY,62.6917
2024-04-05,USD,GBP,1.0931
2024-04-05,USD,CNY,78.3906
2024-04-05,USD,INR,32.0285
2024-04-06,USD,EUR,170.4939
2024-04-06,USD,JPY,82.4968
2024-04-06,USD,GBP,39.2891
2024-04-06,USD,CNY,54.3989
2024-04-06,USD,INR,12.2906
2024-04-07,USD,EUR,52.7297
2024-04-07,USD,JPY,175.5667
2024-04-07,USD,GBP,18.8273
2024-04-07,USD,CNY,79.9723
2024-04-07,USD,INR,39.6509
2024-04-08,USD,EUR,176.5066
2024-04-08,USD,JPY,196.9974
2024-04-08,USD,GBP,35.822
2024-04-08,USD,CNY,174.7965
2024-04-08,USD,INR,42.7502
2024-04-09,USD,EUR,34.6798
2024-04-09,USD,JPY,173.8141
2024-04-09,USD,GBP,111.5426
2024-04-09,USD,CNY,36.7985
2024-04-09,USD,INR,43.8213
2024-04-10,USD,EUR,73.2052
2024-04-10,USD,JPY,6.9148
2024-04-10,USD,GBP,55.5496
2024-04-10,USD,CNY,73.0794
2024-04-10,USD,INR,159.9429
2024-04-11,USD,EUR,23.8801
2024-04-11,USD,JPY,181.5981
2024-04-11,USD,GBP,130.6548
2024-04-11,USD,CNY,61.6433
2024-04-11,USD,INR,54.5436
2024-04-12,USD,EUR,58.4529
2024-04-12,USD,JPY,29.886
2024-04-12,USD,GBP,15.9605
2024-04-12,USD,CNY,93.7041
2024-04-12,USD,INR,53.395
2024-04-13,USD,EUR,115.3848
2024-04-13,USD,JPY,58.959
2024-04-13,USD,GBP,113.742
2024-04-13,USD,CNY,95.8712
2024-04-13,USD,INR,58.1194
2024-04-14,USD,EUR,153.1792
2024-04-14,USD,JPY,16.6701
2024-04-14,USD,GBP,111.0656
2024-04-14,USD,CNY,143.8593
2024-04-14,USD,INR,36.3365
2024-04-15,USD,EUR,125.2793
2024-04-15,USD,JPY,60.4008
2024-04-15,USD,GBP,47.9086
2024-04-15,USD,CNY,22.3773
2024-04-15,USD,INR,73.734
2024-04-16,USD,EUR,32.7033
2024-04-16,USD,JPY,22.6931
2024-04-16,USD,GBP,195.7511
2024-04-16,USD,CNY,81.8701
2024-04-16,USD,INR,150.61
2024-04-17,USD,EUR,128.5154
2024-04-17,USD,JPY,35.1407
2024-04-17,USD,GBP,50.7092
2024-04-17,USD,CNY,77.7853
2024-04-17,USD,INR,36.0177
2024-04-18,USD,EUR,119.4483
2024-04-18,USD,JPY,100.4711
2024-04-18,USD,GBP,88.7108
2024-04-18,USD,CNY,51.0106
2024-04-18,USD,INR,145.8238
2024-04-19,USD,EUR,64.9801
2024-04-19,USD,JPY,130.5369
2024-04-19,USD,GBP,124.5433
2024-04-19,USD,CNY,105.8983
2024-04-19,USD,INR,99.4206
2024-04-20,USD,EUR,153.0524
2024-04-20,USD,JPY,114.1989
2024-04-20,USD,GBP,24.0919
2024-04-20,USD,CNY,48.3532
2024-04-20,USD,INR,0.919
2024-04-21,USD,EUR,93.2112
2024-04-21,USD,JPY,161.9994
2024-04-21,USD,GBP,52.5876
2024-04-21,USD,CNY,196.3237
2024-04-21,USD,INR,130.3574
2024-04-22,USD,EUR,159.489
2024-04-22,USD,JPY,44.4381
2024-04-22,USD,GBP,55.9528
2024-04-22,USD,CNY,176.7469
2024-04-22,USD,INR,35.8957
2024-04-23,USD,EUR,137.6291
2024-04-23,USD,JPY,47.3044
2024-04-23,USD,GBP,68.2511
2024-04-23,USD,CNY,93.3747
2024-04-23,USD,INR,177.7858
2024-04-24,USD,EUR,34.7175
2024-04-24,USD,JPY,65.1942
2024-04-24,USD,GBP,39.7157
2024-04-24,USD,CNY,15.7058
2024-04-24,USD,INR,144.9815
2024-04-25,USD,EUR,18.8121
2024-04-25,USD,JPY,50.5733
2024-04-25,USD,GBP,195.9486
2024-04-25,USD,CNY,180.8658
2024-04-25,USD,INR,48.1031
2024-04-26,USD,EUR,95.941
2024-04-26,USD,JPY,128.1705
2024-04-26,USD,GBP,165.2655
2024-04-26,USD,CNY,77.0936
2024-04-26,USD,INR,34.0142
2024-04-27,USD,EUR,41.5148
2024-04-27,USD,JPY,9.9654
2024-04-27,USD,GBP,163.685
2024-04-27,USD,CNY,14.6668
2024-04-27,USD,INR,54.0959
2024-04-28,USD,EUR,83.4447
2024-04-28,USD,JPY,85.4419
2024-04-28,USD,GBP,147.4081
2024-04-28,USD,CNY,118.2724
2024-04-28,USD,INR,23.2893
2024-04-29,USD,EUR,5.7837
2024-04-29,USD,JPY,161.896
2024-04-29,USD,GBP,119.1891
2024-04-29,USD,CNY,82.9375
2024-04-29,USD,INR,150.1153
2024-04-30,USD,EUR,182.6704
2024-04-30,USD,JPY,121.6236
2024-04-30,USD,GBP,176.2499
2024-04-30,USD,CNY,29.8335
2024-04-30,USD,INR,171.731
2024-05-01,USD,EUR,13.2404
2024-05-01,USD,JPY,182.6159
2024-05-01,USD,GBP,119.7454
2024-05-01,USD,CNY,140.1607
2024-05-01,USD,INR,7.8763
2024-05-02,USD,EUR,67.964
2024-05-02,USD,JPY,85.2358
2024-05-02,USD,GBP,169.9761
2024-05-02,USD,CNY,53.6189
2024-05-02,USD,INR,17.1632
2024-05-03,USD,EUR,116.471
2024-05-03,USD,JPY,20.9239
2024-05-03,USD,GBP,180.1282
2024-05-03,USD,CNY,64.025
2024-05-03,USD,INR,28.1892
2024-05-04,USD,EUR,198.192
2024-05-04,USD,JPY,16.7386
2024-05-04,USD,GBP,9.2979
2024-05-04,USD,CNY,181.9999
2024-05-04,USD,INR,152.4272
2024-05-05,USD,EUR,37.8557
2024-05-05,USD,JPY,196.5775
2024-05-05,USD,GBP,33.429
2024-05-05,USD,CNY,185.707
2024-05-05,USD,INR,124.3863
2024-05-06,USD,EUR,83.417
2024-05-06,USD,JPY,199.0086
2024-05-06,USD,GBP,172.0803
2024-05-06,USD,CNY,192.4039
2024-05-06,USD,INR,127.9549
2024-05-07,USD,EUR,23.0076
2024-05-07,USD,JPY,34.9441
2024-05-07,USD,GBP,111.0597
2024-05-07,USD,CNY,177.7685
2024-05-07,USD,INR,53.2226
2024-05-08,USD,EUR,140.5522
2024-05-08,USD,JPY,109.8252
2024-05-08,USD,GBP,28.6315
2024-05-08,USD,CNY,7.8189
2024-05-08,USD,INR,92.6876
2024-05-09,USD,EUR,79.3084
2024-05-09,USD,JPY,76.455
2024-05-09,USD,GBP,121.0999
2024-05-09,USD,CNY,127.5117
2024-05-09,USD,INR,192.9971
2024-05-10,USD,EUR,101.2984
2024-05-10,USD,JPY,52.6231
2024-05-10,USD,GBP,6.9678
2024-05-10,USD,CNY,12.8
2024-05-10,USD,INR,13.956
2024-05-11,USD,EUR,17.4131
2024-05-11,USD,JPY,167.7104
2024-05-11,USD,GBP,27.7148
2024-05-11,USD,CNY,78.7552
2024-05-11,USD,INR,128.5069
2024-05-12,USD,EUR,44.9562
2024-05-12,USD,JPY,97.9234
2024-05-12,USD,GBP,49.7148
2024-05-12,USD,CNY,168.8662
2024-05-12,USD,INR,183.5126
2024-05-13,USD,EUR,14.0121
2024-05-13,USD,JPY,195.9612
2024-05-13,USD,GBP,115.9736
2024-05-13,USD,CNY,34.3466
2024-05-13,USD,INR,141.0738
2024-05-14,USD,EUR,168.6898
2024-05-14,USD,JPY,148.1036
2024-05-14,USD,GBP,141.8832
2024-05-14,USD,CNY,120.1247
2024-05-14,USD,INR,91.663
2024-05-15,USD,EUR,65.0719
2024-05-15,USD,JPY,94.3723
2024-05-15,USD,GBP,87.645
2024-05-15,USD,CNY,179.1305
2024-05-15,USD,INR,179.5851
2024-05-16,USD,EUR,140.6144
2024-05-16,USD,JPY,121.9565
2024-05-16,USD,GBP,34.5021
2024-05-16,USD,CNY,46.3096
2024-05-16,USD,INR,68.3328
2024-05-17,USD,EUR,100.033
2024-05-17,USD,JPY,115.1689
2024-05-17,USD,GBP,132.1854
2024-05-17,USD,CNY,120.3633
2024-05-17,USD,INR,107.1611
2024-05-18,USD,EUR,166.4474
2024-05-18,USD,JPY,78.2956
2024-05-18,USD,GBP,87.1924
2024-05-18,USD,CNY,94.0748
2024-05-18,USD,INR,144.1182
2024-05-19,USD,EUR,20.3911
2024-05-19,USD,JPY,74.1099
2024-05-19,USD,GBP,44.0744
2024-05-19,USD,CNY,54.8826
2024-05-19,USD,INR,134.6942
2024-05-20,USD,EUR,21.1237
2024-05-20,USD,JPY,1.3862
2024-05-20,USD,GBP,56.5079
2024-05-20,USD,CNY,169.4716
2024-05-20,USD,INR,114.1752
2024-05-21,USD,EUR,195.0605
2024-05-21,USD,JPY,68.5295
2024-05-21,USD,GBP,161.7934
2024-05-21,USD,CNY,148.5439
2024-05-21,USD,INR,174.9772
2024-05-22,USD,EUR,106.3824
2024-05-22,USD,JPY,153.616
2024-05-22,USD,GBP,126.7183
2024-05-22,USD,CNY,123.985
2024-05-22,USD,INR,192.7841
2024-05-23,USD,EUR,85.3942
2024-05-23,USD,JPY,3.5081
2024-05-23,USD,GBP,123.6716
2024-05-23,USD,CNY,42.6901
2024-05-23,USD,INR,61.7972
2024-05-24,USD,EUR,93.8666
2024-05-24,USD,JPY,183.4912
2024-05-24,USD,GBP,3.9097
2024-05-24,USD,CNY,97.4908
2024-05-24,USD,INR,169.1295
2024-05-25,USD,EUR,159.5411
2024-05-25,USD,JPY,17.871
2024-05-25,USD,GBP,18.1762
2024-05-25,USD,CNY,58.5473
2024-05-25,USD,INR,78.1893
2024-05-26,USD,EUR,132.8255
2024-05-26,USD,JPY,76.2481
2024-05-26,USD,GBP,167.7728
2024-05-26,USD,CNY,57.4996
2024-05-26,USD,INR,21.2047
2024-05-27,USD,EUR,5.1562
2024-05-27,USD,JPY,157.1184
2024-05-27,USD,GBP,170.9938
2024-05-27,USD,CNY,69.3739
2024-05-27,USD,INR,59.0322
2024-05-28,USD,EUR,100.591
2024-05-28,USD,JPY,196.5422
2024-05-28,USD,GBP,121.5055
2024-05-28,USD,CNY,47.2095
2024-05-28,USD,INR,81.3533
2024-05-29,USD,EUR,48.4603
2024-05-29,USD,JPY,31.9168
2024-05-29,USD,GBP,55.6458
2024-05-29,USD,CNY,49.2123
2024-05-29,USD,INR,154.6901
2024-05-30,USD,EUR,152.8751
2024-05-30,USD,JPY,189.0701
2024-05-30,USD,GBP,66.505
2024-05-30,USD,CNY,164.6799
2024-05-30,USD,INR,144.6858
2024-05-31,USD,EUR,83.7626
2024-05-31,USD,JPY,136.5199
2024-05-31,USD,GBP,72.823
2024-05-31,USD,CNY,154.9266
2024-05-31,USD,INR,92.0201
2024-06-01,USD,EUR,45.09
2024-06-01,USD,JPY,175.159
2024-06-01,USD,GBP,50.7754
2024-06-01,USD,CNY,162.5774
2024-06-01,USD,INR,159.8811
2024-06-02,USD,EUR,70.8476
2024-06-02,USD,JPY,184.1367
2024-06-02,USD,GBP,31.3646
2024-06-02,USD,CNY,15.6717
2024-06-02,USD,INR,34.5212
2024-06-03,USD,EUR,66.5261
2024-06-03,USD,JPY,163.6449
2024-06-03,USD,GBP,110.3865
2024-06-03,USD,CNY,58.4427
2024-06-03,USD,INR,91.8641
2024-06-04,USD,EUR,118.7189
2024-06-04,USD,JPY,128.2244
2024-06-04,USD,GBP,16.9171
2024-06-04,USD,CNY,98.6089
2024-06-04,USD,INR,65.2619
2024-06-05,USD,EUR,34.3945
2024-06-05,USD,JPY,31.9808
2024-06-05,USD,GBP,96.3188
2024-06-05,USD,CNY,150.427
2024-06-05,USD,INR,181.6019
2024-06-06,USD,EUR,124.4225
2024-06-06,USD,JPY,112.7403
2024-06-06,USD,GBP,152.2767
2024-06-06,USD,CNY,198.417
2024-06-06,USD,INR,65.8872
2024-06-07,USD,EUR,32.8406
2024-06-07,USD,JPY,157.4144
2024-06-07,USD,GBP,79.783
2024-06-07,USD,CNY,51.3317
2024-06-07,USD,INR,174.7482
2024-06-08,USD,EUR,190.0667
2024-06-08,USD,JPY,112.966
2024-06-08,USD,GBP,11.0207
2024-06-08,USD,CNY,12.514
2024-06-08,USD,INR,45.2021
2024-06-09,USD,EUR,103.6429
2024-06-09,USD,JPY,54.2064
2024-06-09,USD,GBP,87.8125
2024-06-09,USD,CNY,12.2406
2024-06-09,USD,INR,52.8145
2024-06-10,USD,EUR,18.3904
2024-06-10,USD,JPY,114.2848
2024-06-10,USD,GBP,16.8886
2024-06-10,USD,CNY,26.2161
2024-06-10,USD,INR,29.1287
2024-06-11,USD,EUR,113.0643
2024-06-11,USD,JPY,64.3158
2024-06-11,USD,GBP,177.844
2024-06-11,USD,CNY,44.6645
2024-06-11,USD,INR,139.0985
2024-06-12,USD,EUR,68.4714
2024-06-12,USD,JPY,141.5796
2024-06-12,USD,GBP,40.7424
2024-06-12,USD,CNY,188.3469
2024-06-12,USD,INR,174.214
2024-06-13,USD,EUR,75.3357
2024-06-13,USD,JPY,49.9077
2024-06-13,USD,GBP,32.6245
2024-06-13,USD,CNY,57.2219
2024-06-13,USD,INR,14.5295
2024-06-14,USD,EUR,26.6028
2024-06-14,USD,JPY,87.16
2024-06-14,USD,GBP,33.932
2024-06-14,USD,CNY,54.5884
2024-06-14,USD,INR,102.4688
2024-06-15,USD,EUR,28.5771
2024-06-15,USD,JPY,79.8755
2024-06-15,USD,GBP,49.5905
2024-06-15,USD,CNY,53.0605
2024-06-15,USD,INR,81.8196
2024-06-16,USD,EUR,14.2551
2024-06-16,USD,JPY,119.9643
2024-06-16,USD,GBP,105.3526
2024-06-16,USD,CNY,38.1767
2024-06-16,USD,INR,29.2126
2024-06-17,USD,EUR,36.3218
2024-06-17,USD,JPY,76.7883
2024-06-17,USD,GBP,70.191
2024-06-17,USD,CNY,120.8448
2024-06-17,USD,INR,166.1587
2024-06-18,USD,EUR,131.9728
2024-06-18,USD,JPY,138.4629
2024-06-18,USD,GBP,8.6928
2024-06-18,USD,CNY,20.9307
2024-06-18,USD,INR,190.9125
2024-06-19,USD,EUR,13.6584
2024-06-19,USD,JPY,17.4633
2024-06-19,USD,GBP,176.92
2024-06-19,USD,CNY,77.2261
2024-06-19,USD,INR,198.4804
2024-06-20,USD,EUR,40.8653
2024-06-20,USD,JPY,165.7403
2024-06-20,USD,GBP,160.7734
2024-06-20,USD,CNY,46.6657
2024-06-20,USD,INR,101.1684
2024-06-21,USD,EUR,75.0541
2024-06-21,USD,JPY,56.6336
2024-06-21,USD,GBP,106.0636
2024-06-21,USD,CNY,60.6217
2024-06-21,USD,INR,84.218
2024-06-22,USD,EUR,160.9659
2024-06-22,USD,JPY,86.2621
2024-06-22,USD,GBP,133.1616
2024-06-22,USD,CNY,135.5582
2024-06-22,USD,INR,126.277
2024-06-23,USD,EUR,183.6471
2024-06-23,USD,JPY,17.8888
2024-06-23,USD,GBP,94.5095
2024-06-23,USD,CNY,110.8884
2024-06-23,USD,INR,10.1317
2024-06-24,USD,EUR,32.09
2024-06-24,USD,JPY,181.7467
2024-06-24,USD,GBP,6.7673
2024-06-24,USD,CNY,48.4389
2024-06-24,USD,INR,83.3931
2024-06-25,USD,EUR,145.111
2024-06-25,USD,JPY,144.7789
2024-06-25,USD,GBP,82.9325
2024-06-25,USD,CNY,187.9387
2024-06-25,USD,INR,156.7329
2024-06-26,USD,EUR,91.2564
2024-06-26,USD,JPY,170.7357
2024-06-26,USD,GBP,68.7426
2024-06-26,USD,CNY,190.8495
2024-06-26,USD,INR,75.8063
2024-06-27,USD,EUR,71.7376
2024-06-27,USD,JPY,60.1096
2024-06-27,USD,GBP,123.6873
2024-06-27,USD,CNY,12.1054
2024-06-27,USD,INR,50.4137
2024-06-28,USD,EUR,192.5663
2024-06-28,USD,JPY,22.6099
2024-06-28,USD,GBP,66.4993
2024-06-28,USD,CNY,172.243
2024-06-28,USD,INR,50.3986
2024-06-29,USD,EUR,71.9665
2024-06-29,USD,JPY,147.9462
2024-06-29,USD,GBP,22.6523
2024-06-29,USD,CNY,180.3977
2024-06-29,USD,INR,28.3722
2024-06-30,USD,EUR,125.0402
2024-06-30,USD,JPY,115.0526
2024-06-30,USD,GBP,74.607
2024-06-30,USD,CNY,47.3903
2024-06-30,USD,INR,10.3386
2024-07-01,USD,EUR,123.8446
2024-07-01,USD,JPY,150.346
2024-07-01,USD,GBP,38.8321
2024-07-01,USD,CNY,50.2731
2024-07-01,USD,INR,130.7338
2024-07-02,USD,EUR,175.8162
2024-07-02,USD,JPY,41.5521
2024-07-02,USD,GBP,135.9036
2024-07-02,USD,CNY,196.6878
2024-07-02,USD,INR,62.6095
2024-07-03,USD,EUR,131.1376
2024-07-03,USD,JPY,63.3227
2024-07-03,USD,GBP,149.469
2024-07-03,USD,CNY,6.1841
2024-07-03,USD,INR,5.0562
2024-07-04,USD,EUR,75.615
2024-07-04,USD,JPY,3.9641
2024-07-04,USD,GBP,28.1536
2024-07-04,USD,CNY,159.2306
2024-07-04,USD,INR,3.334
2024-07-05,USD,EUR,88.2833
2024-07-05,USD,JPY,143.6016
2024-07-05,USD,GBP,64.3053
2024-07-05,USD,CNY,199.8154
2024-07-05,USD,INR,149.3968
2024-07-06,USD,EUR,59.7423
2024-07-06,USD,JPY,163.0858
2024-07-06,USD,GBP,95.7636
2024-07-06,USD,CNY,31.8587
2024-07-06,USD,INR,186.5428
2024-07-07,USD,EUR,180.9416
2024-07-07,USD,JPY,84.3031
2024-07-07,USD,GBP,57.487
2024-07-07,USD,CNY,196.8221
2024-07-07,USD,INR,147.0847
2024-07-08,USD,EUR,51.3676
2024-07-08,USD,JPY,27.594
2024-07-08,USD,GBP,139.604
2024-07-08,USD,CNY,167.1382
2024-07-08,USD,INR,115.9903
2024-07-09,USD,EUR,50.225
2024-07-09,USD,JPY,35.2658
2024-07-09,USD,GBP,56.7338
2024-07-09,USD,CNY,87.6381
2024-07-09,USD,INR,65.7747
2024-07-10,USD,EUR,95.8582
2024-07-10,USD,JPY,34.1905
2024-07-10,USD,GBP,33.9619
2024-07-10,USD,CNY,7.1987
2024-07-10,USD,INR,46.1635
2024-07-11,USD,EUR,159.6226
2024-07-11,USD,JPY,191.578
2024-07-11,USD,GBP,101.6958
2024-07-11,USD,CNY,41.6459
2024-07-11,USD,INR,92.6883
2024-07-12,USD,EUR,22.7755
2024-07-12,USD,JPY,75.1608
2024-07-12,USD,GBP,36.557
2024-07-12,USD,CNY,53.2613
2024-07-12,USD,INR,197.2796
2024-07-13,USD,EUR,112.0882
2024-07-13,USD,JPY,178.8553
2024-07-13,USD,GBP,118.5523
2024-07-13,USD,CNY,178.1225
2024-07-13,USD,INR,143.8058
2024-07-14,USD,EUR,190.7666
2024-07-14,USD,JPY,60.3811
2024-07-14,USD,GBP,120.8684
2024-07-14,USD,CNY,190.3639
2024-07-14,USD,INR,77.1266
2024-07-15,USD,EUR,145.1831
2024-07-15,USD,JPY,125.1757
2024-07-15,USD,GBP,13.9103
2024-07-15,USD,CNY,141.5204
2024-07-15,USD,INR,117.0034
2024-07-16,USD,EUR,63.0567
2024-07-16,USD,JPY,163.3917
2024-07-16,USD,GBP,131.5339
2024-07-16,USD,CNY,58.9946
2024-07-16,USD,INR,60.0562
2024-07-17,USD,EUR,50.6585
2024-07-17,USD,JPY,64.6252
2024-07-17,USD,GBP,48.0322
2024-07-17,USD,CNY,117.0437
2024-07-17,USD,INR,6.5194
2024-07-18,USD,EUR,14.9738
2024-07-18,USD,JPY,74.3951
2024-07-18,USD,GBP,60.9802
2024-07-18,USD,CNY,31.6641
2024-07-18,USD,INR,175.2712
2024-07-19,USD,EUR,170.8359
2024-07-19,USD,JPY,105.5006
2024-07-19,USD,GBP,99.3552
2024-07-19,USD,CNY,73.4129
2024-07-19,USD,INR,51.5014
2024-07-20,USD,EUR,178.1706
2024-07-20,USD,JPY,157.5989
2024-07-20,USD,GBP,100.6702
2024-07-20,USD,CNY,94.2502
2024-07-20,USD,INR,97.8695
2024-07-21,USD,EUR,137.6549
2024-07-21,USD,JPY,153.0175
2024-07-21,USD,GBP,25.4245
2024-07-21,USD,CNY,137.1287
2024-07-21,USD,INR,75.4622
2024-07-22,USD,EUR,187.8077
2024-07-22,USD,JPY,149.8477
2024-07-22,USD,GBP,123.4051
2024-07-22,USD,CNY,150.8081
2024-07-22,USD,INR,84.9921
2024-07-23,USD,EUR,29.0789
2024-07-23,USD,JPY,128.5151
2024-07-23,USD,GBP,69.0706
2024-07-23,USD,CNY,9.37
2024-07-23,USD,INR,26.0709
2024-07-24,USD,EUR,100.95
2024-07-24,USD,JPY,6.0578
2024-07-24,USD,GBP,159.5926
2024-07-24,USD,CNY,62.2627
2024-07-24,USD,INR,15.8052
2024-07-25,USD,EUR,96.9698
2024-07-25,USD,JPY,142.3615
2024-07-25,USD,GBP,165.8168
2024-07-25,USD,CNY,99.3098
2024-07-25,USD,INR,54.335
2024-07-26,USD,EUR,170.1978
2024-07-26,USD,JPY,9.0571
2024-07-26,USD,GBP,50.0139
2024-07-26,USD,CNY,83.0143
2024-07-26,USD,INR,44.7012
2024-07-27,USD,EUR,59.9655
2024-07-27,USD,JPY,149.4322
2024-07-27,USD,GBP,117.6874
2024-07-27,USD,CNY,25.9368
2024-07-27,USD,INR,137.2037
2024-07-28,USD,EUR,18.0167
2024-07-28,USD,JPY,177.1059
2024-07-28,USD,GBP,70.335
2024-07-28,USD,CNY,65.0609
2024-07-28,USD,INR,35.9086
2024-07-29,USD,EUR,69.3895
2024-07-29,USD,JPY,129.6956
2024-07-29,USD,GBP,143.6528
2024-07-29,USD,CNY,142.4703
2024-07-29,USD,INR,133.4946
2024-07-30,USD,EUR,40.6431
2024-07-30,USD,JPY,25.5377
2024-07-30,USD,GBP,112.5289
2024-07-30,USD,CNY,80.2227
2024-07-30,USD,INR,137.6095
2024-07-31,USD,EUR,100.6736
2024-07-31,USD,JPY,184.125
2024-07-31,USD,GBP,191.9146
2024-07-31,USD,CNY,136.171
2024-07-31,USD,INR,84.8695
2024-08-01,USD,EUR,176.9601
2024-08-01,USD,JPY,104.4532
2024-08-01,USD,GBP,101.864
2024-08-01,USD,CNY,69.8315
2024-08-01,USD,INR,148.6718
2024-08-02,USD,EUR,22.4074
2024-08-02,USD,JPY,65.3577
2024-08-02,USD,GBP,167.2522
2024-08-02,USD,CNY,135.6299
2024-08-02,USD,INR,16.6497
2024-08-03,USD,EUR,84.5629
2024-08-03,USD,JPY,112.1557
2024-08-03,USD,GBP,116.6623
2024-08-03,USD,CNY,60.6525
2024-08-03,USD,INR,9.1082
2024-08-04,USD,EUR,48.283
2024-08-04,USD,JPY,186.8773
2024-08-04,USD,GBP,48.1772
2024-08-04,USD,CNY,50.5514
2024-08-04,USD,INR,128.0257
2024-08-05,USD,EUR,68.6562
2024-08-05,USD,JPY,176.5803
2024-08-05,USD,GBP,63.0599
2024-08-05,USD,CNY,139.2727
2024-08-05,USD,INR,23.7551
2024-08-06,USD,EUR,181.3492
2024-08-06,USD,JPY,44.2072
2024-08-06,USD,GBP,117.609
2024-08-06,USD,CNY,83.3576
2024-08-06,USD,INR,37.982
2024-08-07,USD,EUR,26.7739
2024-08-07,USD,JPY,181.3067
2024-08-07,USD,GBP,186.2557
2024-08-07,USD,CNY,102.3966
2024-08-07,USD,INR,74.952
2024-08-08,USD,EUR,121.5948
2024-08-08,USD,JPY,13.9415
2024-08-08,USD,GBP,26.1675
2024-08-08,USD,CNY,189.7847
2024-08-08,USD,INR,128.4272
2024-08-09,USD,EUR,86.2165
2024-08-09,USD,JPY,113.7179
2024-08-09,USD,GBP,169.2101
2024-08-09,USD,CNY,178.4503
2024-08-09,USD,INR,111.8296
2024-08-10,USD,EUR,152.0823
2024-08-10,USD,JPY,175.5324
2024-08-10,USD,GBP,116.1569
2024-08-10,USD,CNY,110.9125
2024-08-10,USD,INR,105.3561
2024-08-11,USD,EUR,114.4281
2024-08-11,USD,JPY,165.5418
2024-08-11,USD,GBP,125.6809
2024-08-11,USD,CNY,198.0852
2024-08-11,USD,INR,148.0354
2024-08-12,USD,EUR,17.5123
2024-08-12,USD,JPY,85.2591
2024-08-12,USD,GBP,45.2811
2024-08-12,USD,CNY,69.8271
2024-08-12,USD,INR,99.1848
2024-08-13,USD,EUR,10.6646
2024-08-13,USD,JPY,141.87
2024-08-13,USD,GBP,78.0419
2024-08-13,USD,CNY,175.0732
2024-08-13,USD,INR,197.8511
2024-08-14,USD,EUR,36.496
2024-08-14,USD,JPY,69.8352
2024-08-14,USD,GBP,112.8981
2024-08-14,USD,CNY,16.1769
2024-08-14,USD,INR,50.4627
2024-08-15,USD,EUR,47.3946
2024-08-15,USD,JPY,188.2876
2024-08-15,USD,GBP,27.2615
2024-08-15,USD,CNY,56.6727
2024-08-15,USD,INR,117.4888
2024-08-16,USD,EUR,143.8387
2024-08-16,USD,JPY,2.4913
2024-08-16,USD,GBP,97.8276
2024-08-16,USD,CNY,41.158
2024-08-16,USD,INR,22.0299
2024-08-17,USD,EUR,121.3848
2024-08-17,USD,JPY,114.3483
2024-08-17,USD,GBP,100.7307
2024-08-17,USD,CNY,85.3368
2024-08-17,USD,INR,93.6048
2024-08-18,USD,EUR,136.5938
2024-08-18,USD,JPY,3.8874
2024-08-18,USD,GBP,105.071
2024-08-18,USD,CNY,133.6377
2024-08-18,USD,INR,45.6313
2024-08-19,USD,EUR,77.9672
2024-08-19,USD,JPY,84.3022
2024-08-19,USD,GBP,30.4062
2024-08-19,USD,CNY,38.9333
2024-08-19,USD,INR,82.939
2024-08-20,USD,EUR,69.9855
2024-08-20,USD,JPY,94.3548
2024-08-20,USD,GBP,128.4141
2024-08-20,USD,CNY,70.8807
2024-08-20,USD,INR,91.2274
2024-08-21,USD,EUR,78.6228
2024-08-21,USD,JPY,146.4164
2024-08-21,USD,GBP,33.6572
2024-08-21,USD,CNY,121.7932
2024-08-21,USD,INR,62.2229
2024-08-22,USD,EUR,13.4444
2024-08-22,USD,JPY,159.9522
2024-08-22,USD,GBP,176.0346
2024-08-22,USD,CNY,167.7001
2024-08-22,USD,INR,142.1321
2024-08-23,USD,EUR,43.8091
2024-08-23,USD,JPY,149.0263
2024-08-23,USD,GBP,94.0204
2024-08-23,USD,CNY,4.184
2024-08-23,USD,INR,150.6032
2024-08-24,USD,EUR,62.0533
2024-08-24,USD,JPY,104.9903
2024-08-24,USD,GBP,142.0349
2024-08-24,USD,CNY,61.2689
2024-08-24,USD,INR,139.1054
2024-08-25,USD,EUR,76.4969
2024-08-25,USD,JPY,149.7559
2024-08-25,USD,GBP,65.313
2024-08-25,USD,CNY,136.8604
2024-08-25,USD,INR,46.239
2024-08-26,USD,EUR,68.6374
2024-08-26,USD,JPY,82.925
2024-08-26,USD,GBP,23.6292
2024-08-26,USD,CNY,103.213
2024-08-26,USD,INR,150.6828
2024-08-27,USD,EUR,3.0669
2024-08-27,USD,JPY,48.9455
2024-08-27,USD,GBP,195.1313
2024-08-27,USD,CNY,1.1595
2024-08-27,USD,INR,168.6922
2024-08-28,USD,EUR,171.461
2024-08-28,USD,JPY,134.6835
2024-08-28,USD,GBP,144.1149
2024-08-28,USD,CNY,66.2383
2024-08-28,USD,INR,133.4062
2024-08-29,USD,EUR,82.9092
2024-08-29,USD,JPY,28.1787
2024-08-29,USD,GBP,13.8879
2024-08-29,USD,CNY,67.3007
2024-08-29,USD,INR,183.7365
2024-08-30,USD,EUR,193.5707
2024-08-30,USD,JPY,174.9869
2024-08-30,USD,GBP,142.1791
2024-08-30,USD,CNY,19.2305
2024-08-30,USD,INR,186.0585
2024-08-31,USD,EUR,100.7521
2024-08-31,USD,JPY,16.1811
2024-08-31,USD,GBP,97.1431
2024-08-31,USD,CNY,120.7778
2024-08-31,USD,INR,162.0031
2024-09-01,USD,EUR,42.215
2024-09-01,USD,JPY,78.5657
2024-09-01,USD,GBP,77.2951
2024-09-01,USD,CNY,46.0928
2024-09-01,USD,INR,130.3609
2024-09-02,USD,EUR,187.7332
2024-09-02,USD,JPY,61.0918
2024-09-02,USD,GBP,35.4498
2024-09-02,USD,CNY,15.1907
2024-09-02,USD,INR,49.6295
2024-09-03,USD,EUR,83.1221
2024-09-03,USD,JPY,169.8855
2024-09-03,USD,GBP,116.5117
2024-09-03,USD,CNY,56.3363
2024-09-03,USD,INR,2.5291
2024-09-04,USD,EUR,40.6098
2024-09-04,USD,JPY,136.9318
2024-09-04,USD,GBP,122.4165
2024-09-04,USD,CNY,143.5665
2024-09-04,USD,INR,133.7347
2024-09-05,USD,EUR,120.4429
2024-09-05,USD,JPY,197.5839
2024-09-05,USD,GBP,6.6578
2024-09-05,USD,CNY,45.3705
2024-09-05,USD,INR,72.5648
2024-09-06,USD,EUR,69.3347
2024-09-06,USD,JPY,137.8548
2024-09-06,USD,GBP,133.4258
2024-09-06,USD,CNY,21.9773
2024-09-06,USD,INR,40.5734
2024-09-07,USD,EUR,142.2435
2024-09-07,USD,JPY,148.0581
2024-09-07,USD,GBP,25.6658
2024-09-07,USD,CNY,138.0101
2024-09-07,USD,INR,190.5944
2024-09-08,USD,EUR,66.3395
2024-09-08,USD,JPY,90.5998
2024-09-08,USD,GBP,20.0797
2024-09-08,USD,CNY,126.4562
2024-09-08,USD,INR,9.9635
2024-09-09,USD,EUR,161.3445
2024-09-09,USD,JPY,156.8427
2024-09-09,USD,GBP,50.2802
2024-09-09,USD,CNY,74.1461
2024-09-09,USD,INR,100.5144
2024-09-10,USD,EUR,111.3121
2024-09-10,USD,JPY,91.4882
2024-09-10,USD,GBP,13.8783
2024-09-10,USD,CNY,140.3513
2024-09-10,USD,INR,154.6873
2024-09-11,USD,EUR,66.2877
2024-09-11,USD,JPY,57.1657
2024-09-11,USD,GBP,170.9361
2024-09-11,USD,CNY,58.7759
2024-09-11,USD,INR,108.5912
2024-09-12,USD,EUR,14.9137
2024-09-12,USD,JPY,71.4302
2024-09-12,USD,GBP,159.9648
2024-09-12,USD,CNY,120.079
2024-09-12,USD,INR,101.3137
2024-09-13,USD,EUR,101.7819
2024-09-13,USD,JPY,179.9425
2024-09-13,USD,GBP,181.9099
2024-09-13,USD,CNY,181.4335
2024-09-13,USD,INR,15.2305
2024-09-14,USD,EUR,24.6004
2024-09-14,USD,JPY,117.6267
2024-09-14,USD,GBP,88.6226
2024-09-14,USD,CNY,83.0244
2024-09-14,USD,INR,115.0817
2024-09-15,USD,EUR,49.5953
2024-09-15,USD,JPY,145.3135
2024-09-15,USD,GBP,81.9378
2024-09-15,USD,CNY,70.7337
2024-09-15,USD,INR,83.0792
2024-09-16,USD,EUR,69.6026
2024-09-16,USD,JPY,101.8747
2024-09-16,USD,GBP,199.0264
2024-09-16,USD,CNY,191.782
2024-09-16,USD,INR,140.7761
2024-09-17,USD,EUR,161.0888
2024-09-17,USD,JPY,77.6524
2024-09-17,USD,GBP,168.0164
2024-09-17,USD,CNY,131.2747
2024-09-17,USD,INR,131.4815
2024-09-18,USD,EUR,141.8327
2024-09-18,USD,JPY,112.9289
2024-09-18,USD,GBP,163.0137
2024-09-18,USD,CNY,177.9294
2024-09-18,USD,INR,191.4197
2024-09-19,USD,EUR,112.7633
2024-09-19,USD,JPY,112.5988
2024-09-19,USD,GBP,53.0763
2024-09-19,USD,CNY,155.8499
2024-09-19,USD,INR,38.3475
2024-09-20,USD,EUR,170.5652
2024-09-20,USD,JPY,162.9724
2024-09-20,USD,GBP,148.2006
2024-09-20,USD,CNY,64.3081
2024-09-20,USD,INR,96.3115
2024-09-21,USD,EUR,161.8531
2024-09-21,USD,JPY,82.1512
2024-09-21,USD,GBP,79.32
2024-09-21,USD,CNY,144.505
2024-09-21,USD,INR,47.9238
2024-09-22,USD,EUR,108.6952
2024-09-22,USD,JPY,168.9261
2024-09-22,USD,GBP,68.9806
2024-09-22,USD,CNY,68.3173
2024-09-22,USD,INR,155.5003
2024-09-23,USD,EUR,191.3449
2024-09-23,USD,JPY,183.1685
2024-09-23,USD,GBP,141.5533
2024-09-23,USD,CNY,116.7328
2024-09-23,USD,INR,18.5356
2024-09-24,USD,EUR,73.8171
2024-09-24,USD,JPY,69.6624
2024-09-24,USD,GBP,80.3557
2024-09-24,USD,CNY,88.9982
2024-09-24,USD,INR,37.9079
2024-09-25,USD,EUR,189.2449
2024-09-25,USD,JPY,113.082
2024-09-25,USD,GBP,130.409
2024-09-25,USD,CNY,148.3788
2024-09-25,USD,INR,152.9184
2024-09-26,USD,EUR,191.8751
2024-09-26,USD,JPY,151.4801
2024-09-26,USD,GBP,151.4447
2024-09-26,USD,CNY,77.0328
2024-09-26,USD,INR,3.5454
2024-09-27,USD,EUR,23.846
2024-09-27,USD,JPY,156.1494
2024-09-27,USD,GBP,17.8486
2024-09-27,USD,CNY,127.605
2024-09-27,USD,INR,6.6228
2024-09-28,USD,EUR,76.8809
2024-09-28,USD,JPY,112.6032
2024-09-28,USD,GBP,65.7723
2024-09-28,USD,CNY,46.3333
2024-09-28,USD,INR,7.3504
2024-09-29,USD,EUR,106.4451
2024-09-29,USD,JPY,107.2141
2024-09-29,USD,GBP,199.0516
2024-09-29,USD,CNY,87.949
2024-09-29,USD,INR,0.6431
2024-09-30,USD,EUR,28.401
2024-09-30,USD,JPY,180.5251
2024-09-30,USD,GBP,180.685
2024-09-30,USD,CNY,185.3201
2024-09-30,USD,INR,142.5353
2024-10-01,USD,EUR,110.3408
2024-10-01,USD,JPY,110.0519
2024-10-01,USD,GBP,188.7288
2024-10-01,USD,CNY,32.0097
2024-10-01,USD,INR,151.7912
2024-10-02,USD,EUR,115.7791
2024-10-02,USD,JPY,85.6712
2024-10-02,USD,GBP,170.5592
2024-10-02,USD,CNY,86.0078
2024-10-02,USD,INR,44.358
2024-10-03,USD,EUR,33.1964
2024-10-03,USD,JPY,3.9817
2024-10-03,USD,GBP,129.5502
2024-10-03,USD,CNY,45.0973
2024-10-03,USD,INR,154.9818
2024-10-04,USD,EUR,100.9058
2024-10-04,USD,JPY,197.3919
2024-10-04,USD,GBP,75.3794
2024-10-04,USD,CNY,84.3952
2024-10-04,USD,INR,0.6918
2024-10-05,USD,EUR,128.2995
2024-10-05,USD,JPY,116.0714
2024-10-05,USD,GBP,139.4556
2024-10-05,USD,CNY,69.8276
2024-10-05,USD,INR,132.0408
2024-10-06,USD,EUR,65.5323
2024-10-06,USD,JPY,161.203
2024-10-06,USD,GBP,167.8792
2024-10-06,USD,CNY,169.3795
2024-10-06,USD,INR,117.9962
2024-10-07,USD,EUR,98.0792
2024-10-07,USD,JPY,7.2765
2024-10-07,USD,GBP,52.4976
2024-10-07,USD,CNY,163.8308
2024-10-07,USD,INR,40.6447
2024-10-08,USD,EUR,49.1758
2024-10-08,USD,JPY,78.7978
2024-10-08,USD,GBP,145.2977
2024-10-08,USD,CNY,1.6247
2024-10-08,USD,INR,189.2815
2024-10-09,USD,EUR,198.9161
2024-10-09,USD,JPY,54.4739
2024-10-09,USD,GBP,85.4286
2024-10-09,USD,CNY,110.1754
2024-10-09,USD,INR,106.7697
2024-10-10,USD,EUR,149.3796
2024-10-10,USD,JPY,48.5968
2024-10-10,USD,GBP,132.3857
2024-10-10,USD,CNY,151.1331
2024-10-10,USD,INR,103.7381
2024-10-11,USD,EUR,100.7714
2024-10-11,USD,JPY,106.9931
2024-10-11,USD,GBP,12.0976
2024-10-11,USD,CNY,32.5852
2024-10-11,USD,INR,42.8629
2024-10-12,USD,EUR,19.3567
2024-10-12,USD,JPY,193.5386
2024-10-12,USD,GBP,160.2604
2024-10-12,USD,CNY,84.7731
2024-10-12,USD,INR,176.4984
2024-10-13,USD,EUR,25.9921
2024-10-13,USD,JPY,54.7883
2024-10-13,USD,GBP,99.3199
2024-10-13,USD,CNY,101.924
2024-10-13,USD,INR,10.2164
2024-10-14,USD,EUR,7.0167
2024-10-14,USD,JPY,65.892
2024-10-14,USD,GBP,10.8239
2024-10-14,USD,CNY,3.3188
2024-10-14,USD,INR,18.5794
2024-10-15,USD,EUR,59.1293
2024-10-15,USD,JPY,24.869
2024-10-15,USD,GBP,63.439
2024-10-15,USD,CNY,157.5986
2024-10-15,USD,INR,153.829
2024-10-16,USD,EUR,3.0927
2024-10-16,USD,JPY,5.6023
2024-10-16,USD,GBP,183.3148
2024-10-16,USD,CNY,134.4688
2024-10-16,USD,INR,193.2521
2024-10-17,USD,EUR,185.0807
2024-10-17,USD,JPY,90.4236
2024-10-17,USD,GBP,104.051
2024-10-17,USD,CNY,187.6678
2024-10-17,USD,INR,51.8978
2024-10-18,USD,EUR,88.4851
2024-10-18,USD,JPY,151.7761
2024-10-18,USD,GBP,46.7426
2024-10-18,USD,CNY,62.1515
2024-10-18,USD,INR,99.4813
2024-10-19,USD,EUR,49.1803
2024-10-19,USD,JPY,80.676
2024-10-19,USD,GBP,114.7048
2024-10-19,USD,CNY,164.1461
2024-10-19,USD,INR,127.4273
2024-10-20,USD,EUR,6.9703
2024-10-20,USD,JPY,121.0743
2024-10-20,USD,GBP,21.3746
2024-10-20,USD,CNY,21.9088
2024-10-20,USD,INR,106.4603
2024-10-21,USD,EUR,189.2899
2024-10-21,USD,JPY,75.9036
2024-10-21,USD,GBP,14.0029
2024-10-21,USD,CNY,44.1975
2024-10-21,USD,INR,22.2875
2024-10-22,USD,EUR,191.8318
2024-10-22,USD,JPY,70.3555
2024-10-22,USD,GBP,25.6076
2024-10-22,USD,CNY,132.2289
2024-10-22,USD,INR,127.6615
2024-10-23,USD,EUR,131.1218
2024-10-23,USD,JPY,142.0905
2024-10-23,USD,GBP,72.0131
2024-10-23,USD,CNY,14.0189
2024-10-23,USD,INR,17.774
2024-10-24,USD,EUR,180.6467
2024-10-24,USD,JPY,131.415
2024-10-24,USD,GBP,39.6656
2024-10-24,USD,CNY,70.9979
2024-10-24,USD,INR,60.3962
2024-10-25,USD,EUR,149.7238
2024-10-25,USD,JPY,115.7758
2024-10-25,USD,GBP,33.6274
2024-10-25,USD,CNY,115.6938
2024-10-25,USD,INR,13.0791
2024-10-26,USD,EUR,36.6975
2024-10-26,USD,JPY,113.161
2024-10-26,USD,GBP,124.4788
2024-10-26,USD,CNY,147.797
2024-10-26,USD,INR,118.1306
2024-10-27,USD,EUR,145.8752
2024-10-27,USD,JPY,46.0397
2024-10-27,USD,GBP,154.4342
2024-10-27,USD,CNY,49.7571
2024-10-27,USD,INR,108.6772
2024-10-28,USD,EUR,89.8078
2024-10-28,USD,JPY,84.0382
2024-10-28,USD,GBP,93.9179
2024-10-28,USD,CNY,170.5905
2024-10-28,USD,INR,7.7366
2024-10-29,USD,EUR,126.7349
2024-10-29,USD,JPY,166.3625
2024-10-29,USD,GBP,168.3879
2024-10-29,USD,CNY,104.9559
2024-10-29,USD,INR,187.6147
2024-10-30,USD,EUR,179.3064
2024-10-30,USD,JPY,167.5873
2024-10-30,USD,GBP,178.9016
2024-10-30,USD,CNY,156.3294
2024-10-30,USD,INR,166.3739
2024-10-31,USD,EUR,3.8307
2024-10-31,USD,JPY,42.8843
2024-10-31,USD,GBP,122.5729
2024-10-31,USD,CNY,194.7679
2024-10-31,USD,INR,110.2476
2024-11-01,USD,EUR,106.9837
2024-11-01,USD,JPY,57.7106
2024-11-01,USD,GBP,133.9897
2024-11-01,USD,CNY,130.6691
2024-11-01,USD,INR,4.7588
2024-11-02,USD,EUR,20.434
2024-11-02,USD,JPY,39.7123
2024-11-02,USD,GBP,48.1442
2024-11-02,USD,CNY,138.2709
2024-11-02,USD,INR,113.9106
2024-11-03,USD,EUR,41.3034
2024-11-03,USD,JPY,124.8852
2024-11-03,USD,GBP,136.9747
2024-11-03,USD,CNY,89.8193
2024-11-03,USD,INR,2.2004
2024-11-04,USD,EUR,77.2733
2024-11-04,USD,JPY,76.6849
2024-11-04,USD,GBP,102.205
2024-11-04,USD,CNY,175.5528
2024-11-04,USD,INR,94.6488
2024-11-05,USD,EUR,69.9761
2024-11-05,USD,JPY,62.129
2024-11-05,USD,GBP,16.429
2024-11-05,USD,CNY,65.4779
2024-11-05,USD,INR,44.8812
2024-11-06,USD,EUR,165.0682
2024-11-06,USD,JPY,21.5352
2024-11-06,USD,GBP,162.6352
2024-11-06,USD,CNY,102.1163
2024-11-06,USD,INR,11.7678
2024-11-07,USD,EUR,87.8239
2024-11-07,USD,JPY,90.0907
2024-11-07,USD,GBP,168.5221
2024-11-07,USD,CNY,98.9119
2024-11-07,USD,INR,118.7867
2024-11-08,USD,EUR,197.5139
2024-11-08,USD,JPY,156.5559
2024-11-08,USD,GBP,162.6525
2024-11-08,USD,CNY,111.9572
2024-11-08,USD,INR,121.5516
2024-11-09,USD,EUR,152.7662
2024-11-09,USD,JPY,174.9771
2024-11-09,USD,GBP,12.2856
2024-11-09,USD,CNY,31.6391
2024-11-09,USD,INR,194.0396
2024-11-10,USD,EUR,198.1989
2024-11-10,USD,JPY,64.2582
2024-11-10,USD,GBP,87.8517
2024-11-10,USD,CNY,7.1825
2024-11-10,USD,INR,100.9445
2024-11-11,USD,EUR,150.6041
2024-11-11,USD,JPY,37.5471
2024-11-11,USD,GBP,136.0753
2024-11-11,USD,CNY,3.0814
2024-11-11,USD,INR,83.8203
2024-11-12,USD,EUR,75.9252
2024-11-12,USD,JPY,98.0163
2024-11-12,USD,GBP,96.6938
2024-11-12,USD,CNY,119.1294
2024-11-12,USD,INR,128.8599
2024-11-13,USD,EUR,53.6245
2024-11-13,USD,JPY,119.6212
2024-11-13,USD,GBP,132.6469
2024-11-13,USD,CNY,35.406
2024-11-13,USD,INR,65.064
2024-11-14,USD,EUR,150.2545
2024-11-14,USD,JPY,93.3343
2024-11-14,USD,GBP,38.2739
2024-11-14,USD,CNY,81.2726
2024-11-14,USD,INR,115.4494
2024-11-15,USD,EUR,83.1343
2024-11-15,USD,JPY,189.6311
2024-11-15,USD,GBP,139.7537
2024-11-15,USD,CNY,19.4016
2024-11-15,USD,INR,149.1476
2024-11-16,USD,EUR,63.6128
2024-11-16,USD,JPY,90.7952
2024-11-16,USD,GBP,153.2207
2024-11-16,USD,CNY,71.4111
2024-11-16,USD,INR,143.9756
2024-11-17,USD,EUR,194.5261
2024-11-17,USD,JPY,59.7856
2024-11-17,USD,GBP,162.2696
2024-11-17,USD,CNY,164.808
2024-11-17,USD,INR,106.6028
2024-11-18,USD,EUR,196.6281
2024-11-18,USD,JPY,64.9662
2024-11-18,USD,GBP,144.2
2024-11-18,USD,CNY,131.1117
2024-11-18,USD,INR,189.6541
2024-11-19,USD,EUR,114.9023
2024-11-19,USD,JPY,10.1819
2024-11-19,USD,GBP,22.9441
2024-11-19,USD,CNY,104.3648
2024-11-19,USD,INR,189.6817
2024-11-20,USD,EUR,152.4986
2024-11-20,USD,JPY,21.0536
2024-11-20,USD,GBP,22.8873
2024-11-20,USD,CNY,147.2948
2024-11-20,USD,INR,95.5265
2024-11-21,USD,EUR,50.3063
2024-11-21,USD,JPY,46.8286
2024-11-21,USD,GBP,172.9879
2024-11-21,USD,CNY,15.3763
2024-11-21,USD,INR,92.2594
2024-11-22,USD,EUR,57.7264
2024-11-22,USD,JPY,84.3817
2024-11-22,USD,GBP,198.6408
2024-11-22,USD,CNY,129.9774
2024-11-22,USD,INR,12.5268
2024-11-23,USD,EUR,83.0347
2024-11-23,USD,JPY,173.199
2024-11-23,USD,GBP,197.986
2024-11-23,USD,CNY,2.3445
2024-11-23,USD,INR,121.8997
2024-11-24,USD,EUR,40.8536
2024-11-24,USD,JPY,147.1789
2024-11-24,USD,GBP,198.5016
2024-11-24,USD,CNY,171.9665
2024-11-24,USD,INR,45.0562
2024-11-25,USD,EUR,87.0666
2024-11-25,USD,JPY,140.6583
2024-11-25,USD,GBP,35.9068
2024-11-25,USD,CNY,97.2311
2024-11-25,USD,INR,102.0745
2024-11-26,USD,EUR,85.9511
2024-11-26,USD,JPY,50.1005
2024-11-26,USD,GBP,125.3082
2024-11-26,USD,CNY,149.4375
2024-11-26,USD,INR,180.0397
2024-11-27,USD,EUR,75.6761
2024-11-27,USD,JPY,137.786
2024-11-27,USD,GBP,170.895
2024-11-27,USD,CNY,155.5964
2024-11-27,USD,INR,115.8277
2024-11-28,USD,EUR,49.2199
2024-11-28,USD,JPY,124.9218
2024-11-28,USD,GBP,177.2045
2024-11-28,USD,CNY,28.1121
2024-11-28,USD,INR,153.9767
2024-11-29,USD,EUR,90.688
2024-11-29,USD,JPY,68.1309
2024-11-29,USD,GBP,63.7001
2024-11-29,USD,CNY,176.186
2024-11-29,USD,INR,67.7801
2024-11-30,USD,EUR,94.3665
2024-11-30,USD,JPY,106.328
2024-11-30,USD,GBP,190.5623
2024-11-30,USD,CNY,27.1286
2024-11-30,USD,INR,38.8795
2024-12-01,USD,EUR,109.0112
2024-12-01,USD,JPY,164.8655
2024-12-01,USD,GBP,40.9047
2024-12-01,USD,CNY,33.6545
2024-12-01,USD,INR,54.234
2024-12-02,USD,EUR,135.608
2024-12-02,USD,JPY,174.8343
2024-12-02,USD,GBP,29.4961
2024-12-02,USD,CNY,18.1903
2024-12-02,USD,INR,22.4653
2024-12-03,USD,EUR,105.3043
2024-12-03,USD,JPY,134.5079
2024-12-03,USD,GBP,154.6933
2024-12-03,USD,CNY,143.1937
2024-12-03,USD,INR,137.76
2024-12-04,USD,EUR,181.9003
2024-12-04,USD,JPY,75.8778
2024-12-04,USD,GBP,187.1372
2024-12-04,USD,CNY,191.7374
2024-12-04,USD,INR,50.562
2024-12-05,USD,EUR,83.8843
2024-12-05,USD,JPY,161.1838
2024-12-05,USD,GBP,190.5586
2024-12-05,USD,CNY,199.5325
2024-12-05,USD,INR,126.7028
2024-12-06,USD,EUR,5.4048
2024-12-06,USD,JPY,137.0637
2024-12-06,USD,GBP,69.2362
2024-12-06,USD,CNY,198.7185
2024-12-06,USD,INR,94.182
2024-12-07,USD,EUR,151.6062
2024-12-07,USD,JPY,150.5438
2024-12-07,USD,GBP,139.1653
2024-12-07,USD,CNY,82.935
2024-12-07,USD,INR,19.6486
2024-12-08,USD,EUR,198.18
2024-12-08,USD,JPY,38.2474
2024-12-08,USD,GBP,25.0091
2024-12-08,USD,CNY,122.3367
2024-12-08,USD,INR,36.1812
2024-12-09,USD,EUR,114.5963
2024-12-09,USD,JPY,56.4633
2024-12-09,USD,GBP,154.4927
2024-12-09,USD,CNY,142.6886
2024-12-09,USD,INR,35.5523
2024-12-10,USD,EUR,192.524
2024-12-10,USD,JPY,44.9726
2024-12-10,USD,GBP,102.3305
2024-12-10,USD,CNY,139.5927
2024-12-10,USD,INR,173.4745
2024-12-11,USD,EUR,152.9761
2024-12-11,USD,JPY,171.1313
2024-12-11,USD,GBP,37.4932
2024-12-11,USD,CNY,48.5103
2024-12-11,USD,INR,116.1632
2024-12-12,USD,EUR,173.5745
2024-12-12,USD,JPY,19.4112
2024-12-12,USD,GBP,100.6091
2024-12-12,USD,CNY,55.2776
2024-12-12,USD,INR,73.9274
2024-12-13,USD,EUR,13.3526
2024-12-13,USD,JPY,108.0617
2024-12-13,USD,GBP,33.2552
2024-12-13,USD,CNY,107.9851
2024-12-13,USD,INR,106.2025
2024-12-14,USD,EUR,184.5301
2024-12-14,USD,JPY,48.1878
2024-12-14,USD,GBP,52.6251
2024-12-14,USD,CNY,1.2182
2024-12-14,USD,INR,178.1628
2024-12-15,USD,EUR,69.7577
2024-12-15,USD,JPY,45.3193
2024-12-15,USD,GBP,41.0035
2024-12-15,USD,CNY,183.0136
2024-12-15,USD,INR,101.2647
2024-12-16,USD,EUR,86.503
2024-12-16,USD,JPY,38.5614
2024-12-16,USD,GBP,133.7137
2024-12-16,USD,CNY,174.2802
2024-12-16,USD,INR,2.3098
2024-12-17,USD,EUR,196.7789
2024-12-17,USD,JPY,116.1246
2024-12-17,USD,GBP,151.1243
2024-12-17,USD,CNY,190.269
2024-12-17,USD,INR,72.3778
2024-12-18,USD,EUR,20.5022
2024-12-18,USD,JPY,165.7495
2024-12-18,USD,GBP,100.9972
2024-12-18,USD,CNY,142.9015
2024-12-18,USD,INR,131.0218
2024-12-19,USD,EUR,18.9295
2024-12-19,USD,JPY,29.9779
2024-12-19,USD,GBP,147.9594
2024-12-19,USD,CNY,73.6539
2024-12-19,USD,INR,105.1396
2024-12-20,USD,EUR,34.9375
2024-12-20,USD,JPY,108.209
2024-12-20,USD,GBP,181.491
2024-12-20,USD,CNY,63.0889
2024-12-20,USD,INR,58.7883
2024-12-21,USD,EUR,125.2088
2024-12-21,USD,JPY,59.9622
2024-12-21,USD,GBP,77.627
2024-12-21,USD,CNY,137.2019
2024-12-21,USD,INR,105.0084
2024-12-22,USD,EUR,174.7087
2024-12-22,USD,JPY,107.884
2024-12-22,USD,GBP,42.5746
2024-12-22,USD,CNY,115.5356
2024-12-22,USD,INR,170.2821
2024-12-23,USD,EUR,109.1028
2024-12-23,USD,JPY,35.8301
2024-12-23,USD,GBP,119.798
2024-12-23,USD,CNY,130.3878
2024-12-23,USD,INR,58.2512
2024-12-24,USD,EUR,93.6327
2024-12-24,USD,JPY,175.0867
2024-12-24,USD,GBP,43.0869
2024-12-24,USD,CNY,42.2628
2024-12-24,USD,INR,79.6268
2024-12-25,USD,EUR,49.1954
2024-12-25,USD,JPY,170.4601
2024-12-25,USD,GBP,59.0559
2024-12-25,USD,CNY,8.8551
2024-12-25,USD,INR,94.0833
2024-12-26,USD,EUR,148.9718
2024-12-26,USD,JPY,193.5057
2024-12-26,USD,GBP,30.8737
2024-12-26,USD,CNY,154.0128
2024-12-26,USD,INR,47.5055
2024-12-27,USD,EUR,41.8932
2024-12-27,USD,JPY,178.1648
2024-12-27,USD,GBP,62.6635
2024-12-27,USD,CNY,10.2957
2024-12-27,USD,INR,165.1616
2024-12-28,USD,EUR,57.1544
2024-12-28,USD,JPY,177.3123
2024-12-28,USD,GBP,100.1721
2024-12-28,USD,CNY,114.4072
2024-12-28,USD,INR,126.5218
2024-12-29,USD,EUR,86.9049
2024-12-29,USD,JPY,199.7486
2024-12-29,USD,GBP,51.1984
2024-12-29,USD,CNY,130.5736
2024-12-29,USD,INR,44.9026
2024-12-30,USD,EUR,199.4465
2024-12-30,USD,JPY,7.3966
2024-12-30,USD,GBP,188.5856
2024-12-30,USD,CNY,12.6821
2024-12-30,USD,INR,190.1745
